a,价格,涨幅,代码,1上0深,名称,上市日期,b,纯债价值,昨日收盘价,股价,股票涨幅,c,股票代码,上深,股票,转股价,转股价值,转股溢价率,纯债溢价率,回售触发价,强赎触发价,到期赎回价,转股日,申购日期,差
3,111.95,1.51,128118,0,瀛通转债,20200805,2,106.887,10.56,11.62,10.04,2,002861,0,瀛通通讯,21.35,54.4262,105.69,4.74,14.95,27.76,115.0,20210108,20200702,-8.53
3,171.674,1.99,128040,0,华通转债,20180713,2,104.9603,13.96,15.36,10.03,2,002758,0,浙农股份,9.73,157.8623,8.75,63.56,6.81,12.65,108.0,20181221,20180614,-8.04
3,117.94,1.5,127046,0,百润转债,20211103,2,95.6805,32.6,35.69,9.48,2,002568,0,百润股份,47.44,75.2319,56.77,23.26,33.21,61.67,110.0,20220412,20210929,-7.98
3,132.04,1.4,113059,1,福莱转债,20220613,2,94.676,36.45,39.8,9.19,2,601865,1,福莱特,43.94,90.5781,45.77,39.47,30.76,57.12,112.0,20221128,20220520,-7.79
3,126.703,1.75,118008,1,海优转债,20220721,2,96.7864,145.36,158.12,8.78,2,688680,1,海优新材,217.42,72.7256,74.22,30.91,152.19,282.65,115.0,20221229,20220623,-7.03
3,140.85,7.1,118003,1,华兴转债,20211220,2,95.2576,29.44,33.59,14.1,2,688001,1,华兴源创,30.76,109.2003,28.98,47.86,21.53,39.99,110.0,20220606,20211129,-7.0
3,134.13,3.28,128079,0,英联转债,20191121,2,105.7763,6.77,7.45,10.04,2,002846,0,英联股份,8.29,89.8673,49.25,26.81,5.8,10.78,112.0,20200427,20191021,-6.76
3,146.868,3.43,128022,0,众信转债,20171228,2,104.7102,7.66,8.43,10.05,2,002707,0,众信旅游,5.95,141.6807,3.66,40.26,4.17,7.74,106.0,20180607,20171201,-6.62
3,126.833,3.86,127021,0,特发转2,20200904,2,103.3405,6.44,7.08,9.94,2,000070,0,特发信息,7.33,96.5894,31.31,22.73,5.13,9.53,110.0,20210218,20200807,-6.08
3,169.532,5.36,123135,0,泰林转债,20220119,2,100.2959,36.37,40.46,11.25,2,300813,0,泰林生物,54.43,74.334,128.07,69.03,38.1,70.76,115.0,20220704,20211228,-5.89
3,120.61,1.5,127066,0,科利转债,20220803,2,92.4495,97.7,104.9,7.37,2,002850,0,科达利,159.35,65.8299,83.21,30.46,111.55,207.16,110.0,20230116,20220708,-5.87
3,142.3,3.44,113061,1,拓普转债,20220812,2,91.8136,68.46,74.82,9.29,2,601689,1,拓普集团,71.38,104.9594,35.58,54.99,49.97,92.79,110.0,20230120,20220714,-5.85
3,118.001,2.14,113530,1,大丰转债,20190418,2,111.6769,11.42,12.32,7.88,2,603081,1,大丰实业,16.1,76.5217,54.21,5.66,11.27,20.93,116.0,20191008,20190327,-5.74
3,111.02,0.76,113633,1,科沃转债,20211229,2,95.2455,64.13,68.14,6.25,2,603486,1,科沃斯,177.13,38.4689,188.6,16.56,123.99,230.27,110.0,20220606,20211130,-5.49
3,124.699,1.44,118006,1,阿拉转债,20220412,2,99.3145,38.15,40.66,6.58,2,688179,1,阿拉丁,45.23,89.8961,38.71,25.56,31.66,58.8,115.0,20220921,20220315,-5.14
3,116.495,1.65,123064,0,万孚转债,20200923,2,100.1052,31.78,33.93,6.77,2,300482,0,万孚生物,51.73,65.5906,77.61,16.37,36.21,67.25,110.0,20210308,20200901,-5.12
3,108.88,0.97,127044,0,蒙娜转债,20210916,2,97.8539,13.64,14.46,6.01,2,002918,0,蒙娜丽莎,26.75,54.0561,101.42,11.27,18.73,34.78,112.0,20220221,20210816,-5.04
3,128.779,2.22,127050,0,麒麟转债,20211206,2,95.4761,26.39,28.28,7.16,2,002984,0,森麒麟,34.68,81.5456,57.92,34.88,24.28,45.08,110.0,20220517,20211111,-4.94
3,118.499,1.18,113519,1,长久转债,20181130,2,111.6494,8.58,9.08,5.83,2,603569,1,长久物流,11.04,82.2464,44.08,6.13,7.73,14.35,115.0,20190513,20181107,-4.65
3,137.0,3.09,127036,0,三花转债,20210630,2,96.585,21.88,23.5,7.4,2,002050,0,三花智控,21.3,110.3286,24.17,41.84,14.91,27.69,110.0,20211207,20210601,-4.31
3,137.1,1.58,110075,1,南航转债,20201103,2,95.171,6.85,7.24,5.69,2,600029,1,南方航空,6.2,116.7742,17.41,44.06,4.34,8.06,106.5,20210421,20201015,-4.11
3,267.742,4.95,113626,1,伯特转债,20210721,2,101.7746,86.97,94.81,9.01,2,603596,1,伯特利,35.88,264.2419,1.32,163.07,25.12,46.64,116.0,20220105,20210629,-4.06
3,115.139,1.71,113605,1,大参转债,20201113,2,99.4446,36.16,38.17,5.56,2,603233,1,大参林,57.13,66.8125,72.33,15.78,39.99,74.27,110.0,20210428,20201022,-3.85
3,138.252,1.71,113575,1,东时转债,20200430,2,100.441,5.41,5.71,5.55,2,603377,1,东方时尚,12.15,46.9959,194.18,37.65,8.51,15.8,108.0,20201015,20200409,-3.84
3,128.184,1.79,113653,1,永22转债,20220826,2,96.9717,23.06,24.34,5.55,2,603681,1,永冠新材,26.81,90.787,41.19,32.19,18.77,34.85,115.0,20230203,20220728,-3.76
3,101.559,0.45,128108,0,蓝帆转债,20200619,2,99.5909,8.38,8.73,4.18,2,002382,0,蓝帆医疗,18.24,47.8618,112.19,1.98,12.77,23.71,108.0,20201203,20200528,-3.73
3,123.25,2.71,123132,0,回盛转债,20220107,2,99.945,23.35,24.84,6.38,2,300871,0,回盛生物,28.0,88.7143,38.93,23.32,19.6,36.4,115.0,20220623,20211217,-3.67
3,119.127,0.53,113636,1,甬金转债,20211231,2,99.6123,24.11,25.11,4.15,2,603995,1,甬金股份,36.05,69.6533,71.03,19.59,25.24,46.87,115.0,20220617,20211213,-3.62
3,113.212,0.81,128136,0,立讯转债,20201202,2,97.0723,29.48,30.75,4.31,2,002475,0,立讯精密,57.73,53.2652,112.54,16.63,40.41,75.05,108.0,20210510,20201103,-3.5
3,131.818,2.71,123119,0,康泰转2,20210805,2,98.2279,33.93,35.98,6.04,2,300601,0,康泰生物,33.66,106.8925,23.32,34.2,23.56,43.76,112.0,20220121,20210715,-3.33
3,122.211,0.43,113655,1,欧22转债,20220901,2,93.7029,85.08,88.25,3.73,2,603833,1,欧派家居,125.46,70.3252,73.8,30.44,87.82,163.1,112.0,20230213,20220805,-3.3
3,116.91,1.41,128023,0,亚太转债,20171226,2,106.9275,7.72,8.08,4.66,2,002284,0,亚太股份,10.24,78.9063,48.16,9.34,7.17,13.31,108.0,20180608,20171204,-3.25
3,104.121,0.15,110073,1,国投转债,20200820,2,96.6421,5.92,6.12,3.38,2,600061,1,国投资本,9.75,62.8718,65.61,7.74,-,12.68,107.0,20210201,20200724,-3.23
3,153.466,3.78,123134,0,卡倍转债,20220118,2,99.8143,79.92,85.45,6.92,2,300863,0,卡倍亿,75.7,112.8798,35.96,53.75,52.99,98.41,115.0,20220701,20211227,-3.14
3,121.424,0.49,128135,0,洽洽转债,20201118,2,103.8086,45.66,47.26,3.5,2,002557,0,洽洽食品,59.18,79.8581,52.05,16.97,41.43,76.93,115.0,20210426,20201020,-3.01
3,410.126,6.03,113537,1,文灿转债,20190705,2,110.4467,68.11,74.26,9.03,2,603348,1,文灿股份,19.13,388.1861,5.65,271.33,13.39,24.87,115.0,20191216,20190610,-3.0
3,110.606,0.62,113601,1,塞力转债,20200915,2,105.2608,10.64,11.02,3.57,2,603716,1,塞力医疗,16.98,64.8999,70.43,5.08,11.89,22.07,115.0,20210301,20200821,-2.95
3,114.2,0.33,113638,1,台21转债,20220121,2,96.528,8.44,8.71,3.2,2,603055,1,台华新材,16.7,52.1557,118.96,18.31,11.69,21.71,112.0,20220705,20211229,-2.87
3,120.85,0.89,123093,0,金陵转债,20210218,2,111.044,23.71,24.6,3.75,2,300651,0,金陵体育,49.09,50.112,141.16,8.83,34.36,63.82,120.0,20210726,20210119,-2.86
3,106.601,0.42,127022,0,恒逸转债,20201116,2,94.2343,6.71,6.92,3.13,2,000703,0,恒逸石化,11.0,62.9091,69.45,13.12,7.7,14.3,105.0,20210422,20201016,-2.71
3,143.338,2.38,123098,0,一品转债,20210223,2,106.2129,29.4,30.87,5.0,2,300723,0,一品红,25.31,121.9676,17.52,34.95,17.72,32.9,118.0,20210803,20210128,-2.62
3,128.628,0.81,123108,0,乐普转2,20210419,2,98.9618,25.15,26.01,3.42,2,300003,0,乐普医疗,28.68,90.6904,41.83,29.98,20.08,37.28,107.8,20211008,20210330,-2.61
3,144.75,4.17,118013,1,道通转债,20220728,2,96.4463,40.78,43.54,6.77,2,688208,1,道通科技,34.73,125.3671,15.46,50.08,24.31,45.15,115.0,20230114,20220708,-2.6
3,108.57,0.53,127067,0,恒逸转2,20220818,2,90.6527,6.71,6.92,3.13,2,000703,0,恒逸石化,10.5,65.9048,64.74,19.76,7.35,13.65,109.0,20230127,20220721,-2.6
3,125.416,1.84,123151,0,康医转债,20220720,2,97.8626,24.98,26.07,4.36,2,300869,0,康泰医学,28.22,92.3813,35.76,28.16,19.75,36.69,115.0,20230109,20220701,-2.52
3,108.352,0.51,128035,0,大族转债,20180305,2,103.1679,26.09,26.87,2.99,2,002008,0,大族激光,51.79,51.8826,108.84,5.02,36.25,67.33,105.0,20180813,20180206,-2.48
3,108.926,0.52,113624,1,正川转债,20210601,2,102.9037,21.76,22.38,2.85,2,603976,1,正川股份,46.38,48.2536,125.74,5.85,32.47,60.29,115.0,20211108,20210428,-2.33
3,148.329,2.72,123105,0,拓尔转债,20210427,2,103.0462,12.11,12.72,5.04,2,300229,0,拓尔思,9.91,128.3552,15.56,43.94,6.94,12.88,115.0,20210927,20210319,-2.32
3,104.801,0.41,113584,1,家悦转债,20200624,2,101.2523,9.89,10.16,2.73,2,603708,1,家家悦,37.53,27.0717,287.12,3.5,26.27,48.79,110.0,20201214,20200605,-2.32
3,125.768,4.37,123138,0,丝路转债,20220322,2,99.5896,18.17,19.38,6.66,2,300556,0,丝路视觉,26.61,72.8298,72.69,26.29,18.63,34.59,115.0,20220908,20220302,-2.29
3,124.596,1.6,118017,1,深科转债,20220829,2,96.9018,21.99,22.84,3.87,2,688328,1,深科达,26.68,85.6072,45.54,28.58,18.68,34.68,115.0,20230212,20220808,-2.27
3,126.421,3.05,113632,1,鹤21转债,20211209,2,97.0534,24.64,25.94,5.28,2,603733,1,仙鹤股份,27.23,95.2626,32.71,30.26,19.06,35.4,112.0,20220523,20211117,-2.23
3,160.521,4.24,127037,0,银轮转债,20210709,2,96.9946,12.85,13.68,6.46,2,002126,0,银轮股份,10.69,127.9701,25.44,65.49,7.48,13.9,110.0,20211213,20210607,-2.22
3,132.665,3.73,111006,1,嵘泰转债,20220921,2,96.1836,28.62,30.31,5.9,2,605133,1,嵘泰股份,31.18,97.2097,36.47,37.93,21.83,40.53,115.0,20230217,20220811,-2.17
3,131.853,1.18,113577,1,春秋转债,20200513,2,104.393,10.45,10.8,3.35,2,603890,1,春秋电子,10.75,100.4651,31.24,26.3,7.53,13.98,112.0,20201020,20200414,-2.17
3,119.442,1.78,128144,0,利民转债,20210324,2,97.2853,9.37,9.74,3.95,2,002734,0,利民股份,11.2,86.9643,37.35,22.77,7.84,14.56,110.0,20210906,20210301,-2.17
3,116.757,0.87,123039,0,开润转债,20200123,2,109.0568,14.57,15.01,3.02,2,300577,0,开润股份,29.82,50.3353,131.96,7.06,20.87,38.77,115.0,20200702,20191226,-2.15
3,118.382,1.68,118015,1,芯海转债,20220818,2,97.519,37.02,38.41,3.75,2,688595,1,芯海科技,55.71,68.9463,71.7,21.39,39.0,72.42,115.0,20230127,20220721,-2.07
3,110.218,0.25,128142,0,新乳转债,20210119,2,99.1861,10.77,11.02,2.32,2,002946,0,新乳业,18.4,59.8913,84.03,11.12,12.88,23.92,110.0,20210624,20201218,-2.07
3,98.063,0.41,113589,1,天创转债,20200716,2,101.003,4.05,4.15,2.47,2,603608,1,天创时尚,12.29,33.7673,190.41,-2.91,8.6,15.98,110.0,20210104,20200624,-2.06
3,219.3,-0.09,123018,0,溢利转债,20190123,2,106.48,8.28,8.44,1.93,2,300381,0,溢多利,8.15,103.5583,111.76,105.95,5.71,10.6,110.0,20190626,20181220,-2.02
3,128.87,1.58,123161,0,强联转债,20221027,2,92.9336,71.44,74.01,3.6,2,300850,0,新强联,86.69,85.3732,50.95,38.67,60.68,112.7,112.0,20230417,20221011,-2.02
3,116.598,2.01,110076,1,XD华海转,20201125,2,99.8009,20.72,21.55,4.01,2,600521,1,华海药业,33.89,63.5881,83.36,16.83,23.72,44.06,110.0,20210506,20201102,-2.0
3,126.299,0.48,123072,0,乐歌转债,20201110,2,111.8793,16.3,16.7,2.45,2,300729,0,乐歌股份,48.98,34.0955,270.43,12.89,34.29,63.67,120.0,20210427,20201021,-1.97
3,120.067,2.57,113641,1,华友转债,20220323,2,91.9705,56.87,59.45,4.54,2,603799,1,华友钴业,84.25,70.5519,70.18,30.55,58.98,109.53,108.0,20220902,20220224,-1.97
3,93.299,-0.6,128114,0,正邦转债,20200715,2,101.0947,3.85,3.9,1.3,2,002157,0,正邦科技,6.08,64.1447,45.45,-7.71,4.26,7.9,110.0,20201223,20200617,-1.9
3,211.076,-0.41,127057,0,盘龙转债,20220408,2,99.3916,41.26,41.86,1.45,2,002864,0,盘龙药业,26.41,158.5006,33.17,112.37,18.49,34.33,115.0,20220909,20220303,-1.86
3,122.976,2.05,128109,0,楚江转债,20200623,2,101.2657,7.24,7.52,3.87,2,002171,0,楚江新材,8.38,89.7375,37.04,21.44,5.87,10.89,110.0,20201210,20200604,-1.82
3,116.901,0.65,123065,0,宝莱转债,20200924,2,105.3558,14.64,15.0,2.46,2,300246,0,宝莱特,36.32,41.2996,183.06,10.96,25.42,47.22,115.0,20210311,20200904,-1.81
3,170.18,1.96,110055,1,伊力转债,20190404,2,105.5575,20.02,20.77,3.75,2,600197,1,伊力特,16.0,129.8125,31.1,61.22,11.2,20.8,110.0,20190923,20190315,-1.79
3,109.697,0.69,123117,0,健帆转债,20210712,2,96.8085,31.85,32.64,2.48,2,300529,0,健帆生物,89.68,36.3961,201.4,13.31,62.78,116.58,110.0,20211229,20210623,-1.79
3,109.497,1.0,113623,1,凤21转债,20210507,2,99.4204,8.32,8.55,2.76,2,603225,1,新凤鸣,16.25,52.6154,108.11,10.14,11.38,21.13,112.0,20211014,20210408,-1.76
3,110.413,0.4,128074,0,游族转债,20191021,2,108.2314,7.92,8.09,2.15,2,002174,0,游族网络,16.97,47.6724,131.61,2.02,11.88,22.06,115.0,20200327,20190923,-1.75
3,125.486,1.64,128137,0,洁美转债,20201201,2,101.6061,23.22,24.0,3.36,2,002859,0,洁美科技,27.43,87.4954,43.42,23.5,19.2,35.66,112.0,20210510,20201104,-1.72
3,114.698,0.92,127068,0,顺博转债,20220907,2,90.784,13.3,13.65,2.63,2,002996,0,顺博合金,20.43,66.8135,71.67,26.34,14.3,26.56,108.0,20230220,20220812,-1.71
3,111.56,0.23,123126,0,瑞丰转债,20211018,2,108.1257,8.28,8.44,1.93,2,300243,0,瑞丰高材,17.68,47.7376,133.69,3.18,12.38,22.98,120.0,20220316,20210910,-1.7
3,127.5,1.1,128056,0,今飞转债,20190322,2,111.0621,5.45,5.6,2.75,2,002863,0,今飞凯达,6.68,83.8323,52.09,14.8,4.68,8.68,115.0,20190906,20190228,-1.65
3,541.1,0.3,123013,0,横河转债,20180820,2,106.8561,8.89,9.06,1.91,2,300539,0,横河精密,8.96,101.1161,435.13,406.38,6.27,11.65,110.0,20190201,20180726,-1.61
3,132.242,2.4,113618,1,美诺转债,20210204,2,98.9224,26.19,27.24,4.01,2,603538,1,美诺华,26.51,102.7537,28.7,33.68,18.56,34.46,110.0,20210720,20210114,-1.61
3,115.99,1.53,118018,1,瑞科转债,20220914,2,91.3935,21.81,22.49,3.12,2,688323,1,瑞华泰,30.98,72.5952,59.78,26.91,21.69,40.27,110.0,20230224,20220818,-1.59
3,104.746,-0.02,128062,0,亚药转债,20190424,2,110.0093,5.15,5.23,1.55,2,002370,0,亚太药业,8.5,61.5294,70.24,-4.78,5.95,11.05,115.0,20191009,20190402,-1.57
3,111.677,0.66,127051,0,博杰转债,20211217,2,100.4219,36.33,37.14,2.23,2,002975,0,博杰股份,61.85,60.0485,85.98,11.21,43.3,80.41,115.0,20220523,20211117,-1.57
3,110.48,1.14,113606,1,荣泰转债,20201120,2,104.31,19.28,19.8,2.7,2,603579,1,荣泰健康,32.15,61.5863,79.39,5.92,22.51,41.8,115.0,20210505,20201030,-1.56
3,161.629,0.38,123085,0,万顺转2,20201228,2,97.6567,8.84,9.01,1.92,2,300057,0,万顺新材,6.2,145.3226,11.22,65.51,4.34,8.06,108.0,20210617,20201211,-1.54
3,114.964,0.37,123122,0,富瀚转债,20210824,2,100.6526,53.56,54.58,1.9,2,300613,0,富瀚微,92.77,58.8337,95.41,14.22,64.94,120.6,115.0,20220214,20210806,-1.53
3,139.6,4.64,118009,1,华锐转债,20220721,2,95.8794,122.3,129.85,6.17,2,688059,1,华锐精密,130.91,99.1903,40.74,45.6,91.64,170.18,113.0,20221230,20220624,-1.53
3,116.629,0.73,123011,0,德尔转债,20180814,2,108.4447,16.47,16.84,2.25,2,300473,0,德尔股份,29.76,56.586,106.11,7.55,20.83,38.69,112.0,20190124,20180718,-1.52
3,115.863,0.78,128117,0,道恩转债,20200720,2,108.1239,17.93,18.33,2.23,2,002838,0,道恩股份,28.03,65.3942,77.18,7.16,19.62,36.44,118.0,20210108,20200702,-1.45
3,355.2,0.34,123046,0,天铁转债,20200417,2,104.78,11.23,11.43,1.78,2,300587,0,天铁股份,3.94,290.1015,22.44,239.0,2.76,5.12,112.0,20200925,20200319,-1.44
3,113.562,0.32,127017,0,万青转债,20200702,2,104.0158,8.01,8.15,1.75,2,000789,0,万年青,12.66,64.376,76.4,9.18,8.86,16.46,113.0,20201209,20200603,-1.43
3,194.995,0.51,123012,0,万顺转债,20180829,2,102.7115,8.84,9.01,1.92,2,300057,0,万顺新材,5.27,170.9677,14.05,89.85,3.69,6.85,106.0,20190128,20180720,-1.41
3,113.208,0.18,123099,0,普利转债,20210308,2,105.5913,26.7,27.12,1.57,2,300630,0,普利制药,45.84,59.1623,91.35,7.21,32.09,59.59,118.0,20210823,20210209,-1.39
3,119.858,1.4,113049,1,长汽转债,20210708,2,93.0444,29.47,30.29,2.78,2,601633,1,长城汽车,38.14,79.3917,50.97,28.82,26.7,49.58,107.0,20211217,20210610,-1.38
3,110.08,0.64,113044,1,大秦转债,20210115,2,98.5234,6.46,6.59,2.01,2,601006,1,大秦铁路,6.7,98.3582,11.92,11.73,4.69,8.04,108.0,20210618,20201214,-1.37
3,110.934,0.12,123056,0,雪榕转债,20200724,2,106.0537,6.22,6.31,1.45,2,300511,0,雪榕生物,11.09,56.8981,94.97,4.6,7.76,13.31,115.0,20210104,20200624,-1.33
3,129.654,3.47,123133,0,佩蒂转债,20220121,2,99.4495,17.74,18.59,4.79,2,300673,0,佩蒂股份,17.83,104.2625,24.35,30.37,12.48,23.18,115.0,20220628,20211222,-1.32
3,120.115,1.12,123159,0,崧盛转债,20221024,2,94.8316,20.65,21.15,2.42,2,301002,0,崧盛股份,24.95,84.7695,41.7,26.66,17.47,32.44,114.0,20230410,20220927,-1.3
3,118.946,1.5,113527,1,维格转债,20190219,2,110.9693,6.44,6.62,2.8,2,603518,1,锦泓集团,9.75,67.8974,75.18,7.19,6.83,12.68,115.0,20190730,20190124,-1.3
3,119.536,0.64,118000,1,嘉元转债,20210315,2,103.2821,53.18,54.21,1.94,2,688388,1,嘉元科技,71.22,76.1163,57.04,15.74,49.85,92.59,115.0,20210901,20210223,-1.3
3,138.25,0.07,128053,0,尚荣转债,20190307,2,105.8704,4.44,4.5,1.35,2,002551,0,尚荣医疗,4.88,92.2131,49.92,30.58,3.42,6.34,110.0,20190821,20190214,-1.28
3,133.621,1.19,111002,1,特纸转债,20211230,2,96.7935,15.03,15.4,2.46,2,605007,1,五洲特纸,14.7,104.7619,27.55,38.05,10.29,19.11,112.0,20220614,20211208,-1.27
3,128.714,2.72,128033,0,迪龙转债,20180129,2,104.4537,8.36,8.69,3.95,2,002658,0,雪迪龙,8.26,105.2058,22.34,23.23,5.78,10.74,106.0,20180703,20171227,-1.23
3,106.6,0.59,127025,0,冀东转债,20201202,2,95.4471,7.73,7.87,1.81,2,000401,0,冀东水泥,13.26,59.3514,79.61,11.68,9.28,17.24,106.0,20210511,20201105,-1.22
3,121.288,1.42,113045,1,环旭转债,20210402,2,95.6,18.01,18.48,2.61,2,601231,1,环旭电子,19.52,94.6721,28.11,26.87,13.66,25.38,108.0,20211210,20210304,-1.19
3,120.82,0.93,118011,1,银微转债,20220802,2,97.6438,24.82,25.34,2.1,2,688689,1,银河微电,31.95,79.3114,52.34,23.74,22.37,41.54,115.0,20230109,20220704,-1.17
3,100.826,0.22,128124,0,科华转债,20200820,2,96.2922,12.35,12.52,1.38,2,002022,0,*ST 科华,21.24,58.9454,71.05,4.71,14.87,27.61,106.0,20210203,20200728,-1.16
3,125.4,1.76,123088,0,威唐转债,20210106,2,104.7505,18.26,18.79,2.9,2,300707,0,威唐工业,20.68,90.8607,38.01,19.71,14.48,26.88,115.0,20210621,20201215,-1.14
3,129.288,1.13,128042,0,凯中转债,20180903,2,108.3267,10.57,10.81,2.27,2,002823,0,凯中精密,10.08,107.2421,20.56,19.35,7.06,13.1,112.0,20190211,20180730,-1.14
3,105.883,0.29,113569,1,科达转债,20200408,2,107.1537,5.58,5.66,1.43,2,603660,1,苏州科达,14.76,38.3469,176.12,-1.19,10.33,19.19,115.0,20200914,20200309,-1.14
3,106.285,-0.01,123076,0,强力转债,20201204,2,102.4483,8.24,8.33,1.09,2,300429,0,强力新材,18.9,44.0741,141.15,3.74,13.23,24.57,113.0,20210525,20201119,-1.1
3,135.5,3.2,127030,0,盛虹转债,20210421,2,95.7549,12.57,13.11,4.3,2,000301,0,东方盛虹,13.46,97.3997,39.12,41.51,9.42,17.5,108.0,20210927,20210322,-1.1
3,110.26,0.8,127055,0,精装转债,20220324,2,98.4368,12.6,12.84,1.9,2,002989,0,中天精装,19.1,67.2251,64.02,12.01,13.37,24.83,115.0,20220829,20220222,-1.1
3,243.0,0.2,128030,0,天康转债,20180129,2,106.7464,8.59,8.7,1.28,2,002100,0,天康生物,7.4,117.5676,106.69,127.64,5.18,9.62,108.0,20180628,20171222,-1.08
3,108.706,0.28,113639,1,华正转债,20220222,2,92.3551,20.52,20.8,1.36,2,603186,1,华正新材,38.59,53.9,101.68,17.7,27.01,50.17,108.0,20220728,20220124,-1.08
3,123.598,2.18,123035,0,利德转债,20191209,2,104.1143,5.83,6.02,3.26,2,300296,0,利亚德,6.91,87.1201,41.87,18.71,4.84,8.98,110.0,20200520,20191114,-1.08
3,110.551,0.78,128072,0,翔鹭转债,20190916,2,104.183,8.1,8.25,1.85,2,002842,0,翔鹭钨业,15.09,54.672,102.21,6.11,10.56,19.62,110.0,20200226,20190820,-1.07
3,113.438,0.41,128014,0,永东转债,20170512,2,106.9463,8.19,8.31,1.47,2,002753,0,永东股份,11.49,72.3238,56.85,6.07,8.04,14.94,108.0,20171023,20170417,-1.06
3,108.38,0.49,113576,1,起步转债,20200507,2,107.6085,3.22,3.27,1.55,2,603557,1,ST起步,10.55,30.9953,249.67,0.72,7.39,13.72,115.0,20201016,20200410,-1.06
3,113.0,0.45,113593,1,沪工转债,20200810,2,106.2776,12.31,12.49,1.46,2,603131,1,上海沪工,21.1,59.1943,90.9,6.33,14.77,27.43,115.0,20210125,20200720,-1.01
3,110.292,1.7,113595,1,花王转债,20200818,2,109.1951,3.71,3.81,2.7,2,603007,1,ST花王,4.48,85.0446,29.69,1.0,3.14,5.82,116.0,20210127,20200721,-1.0
3,128.805,0.47,110085,1,通22转债,20220318,2,92.7848,45.06,45.69,1.4,2,600438,1,通威股份,38.36,118.9781,8.26,38.82,26.85,49.87,109.0,20220902,20220224,-0.93
3,113.22,1.09,118004,1,博瑞转债,20220127,2,99.7096,21.77,22.21,2.02,2,688166,1,博瑞医药,35.56,62.4578,81.27,13.55,24.89,46.23,115.0,20220711,20220104,-0.93
3,113.355,0.6,127053,0,豪美转债,20220304,2,101.8893,13.78,13.99,1.52,2,002988,0,豪美新材,21.29,65.7116,72.5,11.25,14.9,27.68,118.0,20220728,20220124,-0.92
3,118.39,0.36,128063,0,未来转债,20190424,2,117.2675,5.5,5.57,1.27,2,002631,0,德尔未来,8.61,64.6922,83.0,0.96,6.03,11.19,120.0,20191011,20190403,-0.91
3,116.288,0.25,123115,0,捷捷转债,20210629,2,99.7826,19.07,19.29,1.15,2,300623,0,捷捷微电,28.87,66.8168,74.04,16.54,20.21,37.53,113.0,20211215,20210608,-0.9
3,111.935,1.39,127041,0,弘亚转债,20210810,2,104.163,15.26,15.61,2.29,2,002833,0,弘亚数控,26.84,58.1595,92.46,7.46,18.79,34.89,115.0,20220117,20210712,-0.9
3,123.67,1.5,113600,1,新星转债,20200911,2,109.7467,21.75,22.27,2.39,2,603978,1,深圳新星,23.85,93.3753,32.44,12.69,16.7,31.01,120.0,20210219,20200813,-0.89
3,147.445,3.68,113634,1,珀莱转债,20220104,2,99.262,170.83,178.63,4.57,2,603605,1,珀莱雅,138.92,128.5848,14.67,48.54,97.24,180.6,115.0,20220614,20211208,-0.89
3,141.142,-0.12,123110,0,九典转债,20210423,2,103.1603,26.25,26.45,0.76,2,300705,0,九典制药,18.7,141.4439,-0.21,36.82,13.09,24.31,115.0,20211008,20210401,-0.88
3,107.313,-0.27,113054,1,绿动转债,20220323,2,92.7722,6.64,6.68,0.6,2,601330,1,绿色动力,9.72,68.7243,56.15,15.67,6.8,12.64,109.0,20220905,20220225,-0.87
3,125.308,1.42,123107,0,温氏转债,20210421,2,96.1512,18.46,18.88,2.28,2,300498,0,温氏股份,17.48,108.0092,16.02,30.32,12.24,22.72,108.0,20211008,20210329,-0.86
3,104.41,0.45,128105,0,长集转债,20200513,2,102.036,4.67,4.73,1.28,2,002616,0,长青集团,7.91,59.7977,74.61,2.33,5.54,10.28,110.0,20201015,20200409,-0.83
3,135.671,3.89,113629,1,泉峰转债,20211021,2,100.7191,23.33,24.43,4.71,2,603982,1,泉峰汽车,22.98,106.3098,27.62,34.7,16.09,29.87,115.0,20220322,20210914,-0.82
3,137.253,1.67,123112,0,万讯转债,20210423,2,105.6079,10.17,10.42,2.46,2,300112,0,万讯自控,8.73,119.3585,14.99,29.96,6.11,11.35,118.0,20211014,20210408,-0.79
3,135.1,1.12,113654,1,永02转债,20220901,2,94.5837,14.22,14.49,1.9,2,603901,1,永创智能,14.07,102.9851,31.43,43.1,9.85,18.29,113.0,20230210,20220804,-0.78
3,115.55,1.01,127062,0,垒知转债,20220520,2,97.8416,5.63,5.73,1.78,2,002398,0,垒知集团,7.75,73.9355,56.28,18.1,5.43,10.08,115.0,20221027,20220421,-0.77
3,115.488,1.6,113616,1,韦尔转债,20210122,2,98.5635,76.84,78.65,2.36,2,603501,1,韦尔股份,164.44,47.829,141.46,17.17,115.11,213.77,110.0,20210705,20201228,-0.76
3,129.665,1.3,113570,1,百达转债,20200408,2,102.4652,12.62,12.88,2.06,2,603331,1,百达精工,11.09,116.1407,11.64,26.55,7.76,14.42,110.0,20200917,20200311,-0.76
3,115.295,0.69,123082,0,北陆转债,20201228,2,104.9541,6.98,7.08,1.43,2,300016,0,北陆药业,8.75,80.9143,42.49,9.85,6.13,11.38,115.0,20210611,20201207,-0.74
3,126.89,1.51,113053,1,隆22转债,20220217,2,91.5137,51.05,52.2,2.25,2,601012,1,隆基绿能,58.84,88.6812,43.09,38.66,41.19,76.49,107.0,20220711,20220105,-0.74
3,112.503,0.92,128123,0,国光转债,20200819,2,101.2148,8.48,8.62,1.65,2,002749,0,国光股份,13.17,65.4518,71.89,11.15,9.22,17.12,110.0,20210201,20200727,-0.73
3,124.755,9.32,113643,1,风语转债,20220422,2,98.0091,10.66,11.73,10.04,2,603466,1,风语筑,15.26,76.8676,62.3,27.29,10.68,19.84,115.0,20221010,20220325,-0.72
3,128.0,1.3,113561,1,正裕转债,20200210,2,106.18,9.6,9.79,1.98,2,603089,1,正裕工业,9.98,97.7956,30.89,20.55,6.99,12.97,112.0,20200707,20191231,-0.68
3,183.35,2.72,127004,0,模塑转债,20170626,2,108.6088,5.33,5.51,3.38,2,000700,0,模塑科技,7.24,76.105,140.92,68.82,5.07,9.41,110.0,20171208,20170602,-0.66
3,109.78,0.26,123049,0,维尔转债,20200512,2,110.2328,4.44,4.48,0.9,2,300190,0,维尔利,7.28,61.5385,78.39,-0.41,5.1,9.46,118.0,20201019,20200413,-0.64
3,118.03,0.03,123142,0,申昊转债,20220411,2,94.6521,23.96,24.12,0.67,2,300853,0,申昊科技,34.11,70.7124,66.92,24.7,23.88,44.34,110.0,20220926,20220318,-0.64
3,120.41,1.2,110083,1,苏租转债,20211210,2,91.5288,5.44,5.54,1.84,2,600901,1,江苏租赁,5.07,109.2702,10.19,31.55,-,6.59,107.0,20220517,20211111,-0.64
3,116.18,1.96,123154,0,火星转债,20220823,2,96.2592,23.23,23.83,2.58,2,300894,0,火星人,34.29,69.4955,67.18,20.69,24.0,44.58,115.0,20230213,20220805,-0.62
3,113.906,0.43,127018,0,本钢转债,20200804,2,112.5328,2.87,2.9,1.05,2,000761,0,本钢板材,3.95,73.4177,55.15,1.22,2.77,5.14,119.0,20210104,20200629,-0.62
3,115.5,0.42,128037,0,岩土转债,20180425,2,105.8696,2.89,2.92,1.04,2,002542,0,中化岩土,3.1,94.1935,22.62,9.1,2.17,4.03,108.0,20180921,20180315,-0.62
3,116.215,1.06,127039,0,北港转债,20210723,2,95.06,7.19,7.31,1.67,2,000582,0,北部湾港,8.17,89.4737,29.89,22.25,5.72,10.62,108.0,20220105,20210629,-0.61
3,140.534,0.52,123052,0,飞鹿转债,20200703,2,111.7036,8.0,8.09,1.13,2,300665,0,飞鹿股份,7.08,114.2655,22.99,25.81,4.96,9.2,120.0,20201211,20200605,-0.61
3,121.286,0.65,128143,0,锋龙转债,20210129,2,104.5005,10.3,10.43,1.26,2,002931,0,锋龙股份,12.63,82.5812,46.87,16.06,8.84,16.42,115.0,20210714,20210108,-0.61
3,125.344,0.76,123130,0,设研转债,20211202,2,97.1275,8.96,9.08,1.34,2,300732,0,设研院,9.26,98.0562,27.83,29.05,6.48,12.04,112.0,20220517,20211111,-0.58
3,120.701,1.32,113588,1,润达转债,20200713,2,100.2128,11.24,11.45,1.87,2,603108,1,润达医疗,13.25,86.4151,39.68,20.44,9.28,17.23,109.0,20201223,20200617,-0.55
3,252.18,2.36,123092,0,天壕转债,20210115,2,104.6232,12.01,12.36,2.91,2,300332,0,天壕环境,5.14,240.4669,4.87,141.04,3.6,6.68,115.0,20210630,20201224,-0.55
3,107.814,0.19,113627,1,太平转债,20210806,2,96.5525,16.4,16.52,0.73,2,603877,1,太平鸟,49.74,33.2127,224.62,11.66,34.82,64.66,110.0,20220121,20210715,-0.54
3,132.85,2.11,127043,0,川恒转债,20210923,2,101.1165,22.0,22.58,2.64,2,002895,0,川恒股份,20.7,109.0821,21.79,31.38,14.49,26.91,115.0,20220218,20210812,-0.53
3,196.914,2.34,110044,1,广电转债,20180724,2,104.8361,5.27,5.42,2.85,2,600831,1,广电网络,6.84,79.2398,148.5,87.83,4.79,8.89,108.0,20190103,20180627,-0.51
3,135.508,1.96,123080,0,海波转债,20201222,2,109.1655,13.08,13.4,2.45,2,300517,0,海波重科,11.53,116.2186,16.6,24.13,8.07,14.99,120.0,20210608,20201202,-0.49
3,112.575,0.23,113650,1,博22转债,20220728,2,96.7055,15.22,15.33,0.72,2,603916,1,苏博特,23.95,64.0084,75.88,16.41,16.77,31.14,115.0,20230107,20220701,-0.49
3,243.67,-0.25,123034,0,通光转债,20191128,2,106.9618,8.88,8.9,0.23,2,300265,0,通光线缆,7.93,112.232,117.11,127.81,5.55,10.31,113.0,20200508,20191104,-0.48
3,108.96,1.0,113046,1,金田转债,20210412,2,97.7463,6.77,6.87,1.48,2,601609,1,金田股份,10.64,64.5677,68.75,11.47,7.45,13.83,110.0,20210927,20210322,-0.48
3,97.972,-0.03,127047,0,帝欧转债,20211126,2,99.7808,6.85,6.88,0.44,2,002798,0,帝欧家居,13.34,51.5742,89.96,-1.81,9.34,17.34,115.0,20220429,20211025,-0.47
3,124.764,0.61,127029,0,中钢转债,20210423,2,100.044,5.57,5.63,1.08,2,000928,0,中钢国际,5.54,101.6245,22.77,24.71,3.88,7.2,113.0,20210927,20210319,-0.47
3,137.213,0.71,123090,0,三诺转债,20210112,2,100.8665,36.36,36.78,1.16,2,300298,0,三诺生物,35.01,105.0557,30.61,36.03,24.51,45.51,112.0,20210625,20201221,-0.45
3,117.025,0.73,113594,1,淳中转债,20200828,2,105.8897,12.66,12.81,1.18,2,603516,1,淳中科技,18.03,71.0483,64.71,10.52,12.62,23.44,115.0,20210127,20200721,-0.45
3,106.141,0.79,113033,1,利群转债,20200421,2,102.1502,5.67,5.74,1.23,2,601366,1,利群股份,6.9,83.1884,27.59,3.91,4.83,8.97,110.0,20201009,20200401,-0.44
3,177.103,2.08,123121,0,帝尔转债,20210827,2,101.201,176.55,181.0,2.52,2,300776,0,帝尔激光,119.68,151.2366,17.1,75.0,83.78,155.58,115.0,20220211,20210805,-0.44
3,244.717,-0.12,123067,0,斯莱转债,20201015,2,104.8949,22.64,22.71,0.31,2,300382,0,斯莱克,9.96,228.012,7.33,133.3,6.97,12.95,115.0,20210323,20200917,-0.43
3,103.63,-0.03,113037,1,紫银转债,20200817,2,101.2898,2.58,2.59,0.39,2,601860,1,紫金银行,3.95,65.5696,58.05,2.31,-,5.14,110.0,20210129,20200723,-0.42
3,119.201,0.52,123109,0,昌红转债,20210419,2,102.7784,20.35,20.54,0.93,2,300151,0,昌红科技,27.88,73.6729,61.8,15.98,19.52,36.24,115.0,20211008,20210401,-0.41
3,133.003,1.53,123103,0,震安转债,20210331,2,103.3523,45.2,46.07,1.92,2,300767,0,震安科技,47.47,97.0508,37.04,28.69,33.23,61.71,115.0,20210922,20210312,-0.39
3,108.101,0.06,123004,0,铁汉转债,20180126,2,104.5435,2.23,2.24,0.45,2,300197,0,节能铁汉,3.82,58.6387,84.35,3.4,2.67,4.97,106.0,20180622,20171218,-0.39
3,113.337,0.2,111001,1,山玻转债,20211206,2,93.8605,8.56,8.61,0.58,2,605006,1,山东玻纤,11.5,74.8696,51.38,20.75,8.05,14.95,108.0,20220512,20211108,-0.38
3,113.89,0.19,113535,1,大业转债,20190603,2,106.9303,7.35,7.39,0.54,2,603278,1,大业股份,12.29,60.1302,89.41,6.51,8.6,15.98,110.0,20191115,20190509,-0.35
3,95.966,0.13,110072,1,广汇转债,20200915,2,99.8929,2.1,2.11,0.48,2,600297,1,广汇汽车,4.03,52.3573,83.29,-3.93,2.82,5.24,110.0,20210224,20200818,-0.35
3,107.169,0.0,113042,1,上银转债,20210210,2,103.9175,5.66,5.68,0.35,2,601229,1,上海银行,10.23,55.523,93.02,3.13,-,13.3,112.0,20210729,20210125,-0.35
3,401.048,3.22,113534,1,鼎胜转债,20190430,2,105.2938,51.28,53.1,3.55,2,603876,1,鼎胜新材,14.98,354.5394,13.12,280.88,10.49,19.47,110.0,20191016,20190409,-0.33
3,110.2,1.33,127061,0,美锦转债,20220530,2,100.315,9.02,9.17,1.66,2,000723,0,美锦能源,12.93,70.9203,55.39,9.85,9.05,16.81,118.0,20221026,20220420,-0.33
3,109.65,1.18,128044,0,岭南转债,20180904,2,103.4281,2.67,2.71,1.5,2,002717,0,岭南股份,3.43,79.0087,38.78,6.02,2.4,4.46,107.0,20190220,20180814,-0.32
3,119.454,1.23,127040,0,国泰转债,20210810,2,94.4886,8.37,8.5,1.55,2,002091,0,江苏国泰,8.77,96.9213,23.25,26.42,6.14,11.4,108.0,20220113,20210707,-0.32
3,99.475,0.13,113056,1,重银转债,20220414,2,94.3877,6.68,6.71,0.45,2,601963,1,重庆银行,10.89,61.6162,61.44,5.39,-,14.16,110.0,20220930,20220323,-0.32
3,137.779,0.65,118014,1,高测转债,20220812,2,91.5185,84.78,85.6,0.97,2,688556,1,高测股份,84.81,100.9315,36.44,50.47,59.37,110.25,110.0,20230122,20220718,-0.32
3,112.416,-0.05,128034,0,江银转债,20180214,2,103.9501,3.76,3.77,0.27,2,002807,0,江阴银行,4.14,91.0628,23.45,8.14,-,5.38,106.0,20180801,20180126,-0.32
3,104.772,0.05,113011,1,光大转债,20170405,2,104.1777,2.75,2.76,0.36,2,601818,1,光大银行,3.35,82.3881,27.17,0.57,-,4.36,105.0,20170918,20170317,-0.31
3,119.7,1.43,118016,1,京源转债,20220825,2,97.502,12.7,12.92,1.73,2,688096,1,京源环保,13.9,92.9496,28.78,22.77,9.73,18.07,115.0,20230213,20220805,-0.3
3,111.9,1.64,113058,1,友发转债,20220426,2,95.341,5.67,5.78,1.94,2,601686,1,友发集团,6.73,85.8841,30.29,17.37,4.71,8.75,112.0,20221010,20220330,-0.3
3,103.585,0.44,113578,1,全筑转债,20200519,2,104.545,2.71,2.73,0.74,2,603030,1,全筑股份,5.25,52.0,99.2,-0.92,3.68,6.83,113.0,20201026,20200420,-0.3
3,123.9,0.08,127045,0,牧原转债,20210910,2,92.8557,48.48,48.66,0.37,2,002714,0,牧原股份,47.46,102.5284,20.84,33.43,33.22,61.7,107.0,20220221,20210816,-0.29
3,124.104,2.05,113619,1,世运转债,20210219,2,98.8426,16.73,17.12,2.33,2,603920,1,世运电路,19.32,88.6128,39.99,25.5,13.52,25.12,110.0,20210726,20210120,-0.28
3,138.191,2.9,127069,0,小熊转债,20220907,2,96.8693,60.59,62.5,3.15,2,002959,0,小熊电器,55.23,113.1631,22.12,42.66,38.66,71.8,115.0,20230218,20220812,-0.25
3,106.93,0.55,128127,0,文科转债,20200911,2,105.2743,3.76,3.79,0.8,2,002775,0,文科园林,4.88,77.6639,37.68,1.57,3.42,6.34,115.0,20210301,20200820,-0.25
3,116.91,0.67,113652,1,伟22转债,20220812,2,91.9014,19.46,19.64,0.92,2,603568,1,伟明环保,32.85,59.7869,95.54,27.21,23.0,42.71,110.0,20230130,20220722,-0.25
3,132.908,0.83,123038,0,联得转债,20200122,2,106.8788,18.7,18.9,1.07,2,300545,0,联得装备,24.06,78.5536,69.19,24.35,16.84,31.28,113.0,20200701,20191225,-0.24
3,103.469,0.62,123128,0,首华转债,20211118,2,95.2973,12.8,12.91,0.86,2,300483,0,首华燃气,25.02,51.5987,100.53,8.57,17.51,32.53,110.0,20220505,20211101,-0.24
3,122.462,2.81,113657,1,再22转债,20221027,2,91.4801,5.27,5.43,3.04,2,603601,1,再升科技,6.04,89.9007,36.22,33.87,4.83,7.85,110.0,20230412,20220929,-0.23
3,115.502,0.62,127026,0,超声转债,20210114,2,97.5964,9.62,9.7,0.83,2,000823,0,超声电子,12.62,76.8621,50.27,18.35,8.83,16.41,108.0,20210615,20201208,-0.21
3,196.998,0.43,128106,0,华统转债,20200508,2,100.2413,15.7,15.8,0.64,2,002840,0,华统股份,8.85,178.5311,10.34,96.52,6.2,11.51,108.0,20201016,20200410,-0.21
3,117.47,0.97,123127,0,耐普转债,20211119,2,96.231,31.1,31.46,1.16,2,300818,0,耐普矿机,37.0,85.027,38.16,22.07,25.9,48.1,110.0,20220505,20211029,-0.19
3,118.813,1.98,113640,1,苏利转债,20220310,2,98.7128,18.44,18.84,2.17,2,603585,1,苏利股份,19.71,95.586,24.3,20.36,13.8,25.62,115.0,20220822,20220216,-0.19
3,120.055,1.59,127035,0,濮耐转债,20210618,2,101.2358,3.96,4.03,1.77,2,002225,0,濮耐股份,4.38,92.0091,30.48,18.59,3.07,5.69,108.8,20211201,20210526,-0.18
3,111.178,0.43,123124,0,晶瑞转2,20210907,2,92.9151,16.33,16.43,0.61,2,300655,0,晶瑞电材,29.64,55.4318,100.57,19.66,20.75,38.53,107.0,20220221,20210816,-0.18
3,346.501,0.44,123031,0,晶瑞转债,20190926,2,104.8217,16.33,16.43,0.61,2,300655,0,晶瑞电材,6.25,262.88,31.81,230.56,4.38,8.13,111.0,20200305,20190829,-0.17
3,107.9,0.23,123113,0,仙乐转债,20210514,2,100.4041,29.98,30.1,0.4,2,300791,0,仙乐健康,56.42,53.3499,102.25,7.47,39.49,73.35,113.0,20211025,20210419,-0.17
3,119.046,1.04,123136,0,城市转债,20220215,2,99.192,13.21,13.37,1.21,2,300778,0,新城市,17.44,76.6628,55.29,20.02,12.21,22.67,115.0,20220727,20220121,-0.17
3,115.882,0.68,110047,1,山鹰转债,20181210,2,109.8081,2.37,2.39,0.84,2,600567,1,山鹰国际,2.4,99.5833,16.37,5.53,1.68,3.12,113.0,20190527,20181121,-0.16
3,203.302,1.3,123057,0,美联转债,20200727,2,103.3163,17.95,18.21,1.45,2,300586,0,美联新材,9.5,191.6842,6.06,96.78,6.65,12.35,112.0,20210107,20200701,-0.15
3,202.531,1.62,123015,0,蓝盾转债,20180913,2,104.3877,1.7,1.73,1.76,2,300297,0,*ST蓝盾,2.38,72.6891,178.63,94.02,1.67,3.09,108.0,20190218,20180813,-0.14
3,126.39,0.52,127060,0,湘佳转债,20220610,2,92.6466,42.35,42.63,0.66,2,002982,0,湘佳股份,42.56,100.1645,26.18,36.42,29.79,55.33,110.0,20221025,20220419,-0.14
3,119.2,1.64,128120,0,联诚转债,20200817,2,103.3086,14.6,14.86,1.78,2,002921,0,联诚精密,17.72,83.86,42.14,15.38,12.4,23.04,112.0,20210125,20200717,-0.14
3,140.4,2.53,123022,0,长信转债,20190410,2,105.5251,6.39,6.56,2.66,2,300088,0,长信科技,6.0,109.3333,28.41,33.05,4.2,7.8,110.0,20190923,20190318,-0.13
3,115.355,0.44,123106,0,正丹转债,20210420,2,106.6862,5.28,5.31,0.57,2,300641,0,正丹股份,7.45,71.2752,61.84,8.13,5.22,9.69,120.0,20210930,20210324,-0.13
3,135.398,3.34,113622,1,杭叉转债,20210414,2,95.7165,16.77,17.35,3.46,2,603298,1,杭叉集团,15.45,112.2977,20.57,41.46,10.82,20.09,108.0,20211008,20210325,-0.12
3,122.091,0.3,113048,1,晶科转债,20210531,2,99.2297,4.76,4.78,0.42,2,601778,1,晶科科技,5.45,87.7064,39.2,23.04,3.82,7.09,112.0,20211029,20210423,-0.12
3,119.596,0.69,113565,1,宏辉转债,20200316,2,105.107,6.25,6.3,0.8,2,603336,1,宏辉果蔬,7.64,82.4607,45.03,13.78,5.35,9.93,112.0,20200903,20200226,-0.11
3,92.525,0.73,128100,0,搜特转债,20200409,2,104.2379,1.19,1.2,0.84,2,002503,0,搜于特,1.6,75.0,23.37,-11.24,1.12,2.08,112.0,20200918,20200312,-0.11
3,117.227,1.25,118010,1,洁特转债,20220802,2,92.5746,30.97,31.39,1.36,2,688026,1,洁特生物,48.23,65.084,80.12,26.63,33.76,62.7,110.0,20230104,20220628,-0.11
3,141.638,-0.17,110038,1,济川转债,20171129,2,105.9319,32.18,32.16,-0.06,2,600566,1,济川药业,22.67,141.8615,-0.16,33.71,11.34,28.34,106.0,20180517,20171113,-0.11
3,113.218,0.44,127015,0,希望转债,20200204,2,99.1761,13.29,13.36,0.53,2,000876,0,新 希 望,19.66,67.9552,66.61,14.16,13.76,25.56,106.0,20200709,20200103,-0.09
3,112.5,0.81,113610,1,灵康转债,20201222,2,104.562,5.55,5.6,0.9,2,603669,1,灵康药业,8.51,65.8049,70.96,7.59,5.96,11.06,115.0,20210607,20201201,-0.09
3,130.7,1.32,123152,0,润禾转债,20220811,2,99.9014,26.87,27.25,1.41,2,300727,0,润禾材料,29.27,93.0987,40.39,30.83,20.49,38.05,118.0,20230127,20220721,-0.09
3,118.67,0.69,113545,1,金能转债,20191107,2,103.452,9.12,9.19,0.77,2,603113,1,金能科技,10.08,91.1706,30.16,14.71,7.06,13.1,110.0,20200420,20191014,-0.08
3,112.666,1.35,110064,1,建工转债,20200116,2,108.1744,3.52,3.57,1.42,2,600939,1,重庆建工,4.49,79.51,41.7,4.15,3.14,5.84,113.0,20200629,20191220,-0.07
3,113.35,0.85,128131,0,崇达转2,20200928,2,100.0276,10.95,11.05,0.91,2,002815,0,崇达技术,18.87,58.5586,93.57,13.32,13.21,24.53,110.0,20210311,20200907,-0.06
3,116.253,1.9,128097,0,奥佳转债,20200318,2,102.6781,8.18,8.34,1.96,2,002614,0,奥佳华,10.05,82.9851,40.09,13.22,7.04,13.07,110.0,20200902,20200225,-0.06
3,111.402,0.18,128026,0,众兴转债,20180103,2,104.8923,8.22,8.24,0.24,2,002772,0,众兴菌业,11.26,73.1794,52.23,6.21,7.88,14.64,106.0,20180619,20171213,-0.06
3,115.66,0.67,113573,1,纵横转债,20200522,2,110.1709,10.99,11.07,0.73,2,603602,1,纵横通信,18.75,59.04,95.9,4.98,13.13,24.38,118.0,20201023,20200417,-0.06
3,154.932,-0.24,123139,0,铂科转债,20220331,2,99.2722,108.14,107.92,-0.2,2,300811,0,铂科新材,76.0,142.0,9.11,56.07,53.2,98.8,115.0,20220919,20220311,-0.04
3,188.405,0.96,113615,1,金诚转债,20210114,2,100.9389,22.14,22.36,0.99,2,603979,1,金诚信,12.55,178.1673,5.75,86.65,8.79,16.32,112.0,20210629,20201223,-0.03
3,159.39,1.47,123143,0,胜蓝转债,20220422,2,95.693,18.79,19.07,1.49,2,300843,0,胜蓝股份,23.33,81.7402,95.0,66.56,16.33,30.33,112.0,20221010,20220331,-0.02
3,114.45,0.88,128085,0,鸿达转债,20200108,2,112.3755,3.33,3.36,0.9,2,002002,0,鸿达兴业,3.91,85.9335,33.18,1.85,2.74,5.08,118.0,20200622,20191216,-0.02
3,114.18,0.8,123002,0,国祯转债,20171225,2,104.7777,6.18,6.23,0.81,2,300388,0,节能国祯,8.24,75.6068,51.02,8.97,5.77,10.71,106.0,20180530,20171124,-0.01
3,130.22,0.81,113591,1,胜达转债,20200723,2,106.8376,10.99,11.08,0.82,2,603687,1,大胜达,8.74,126.4302,2.95,21.83,6.12,11.36,116.0,20210108,20200701,-0.01
3,145.65,3.22,113525,1,台华转债,20190111,2,106.5124,8.44,8.71,3.2,2,603055,1,台华新材,7.61,114.4547,27.26,36.74,5.33,9.89,110.0,20190621,20181217,0.02
3,114.479,0.54,113574,1,华体转债,20200427,2,103.0229,11.63,11.69,0.52,2,603679,1,华体科技,33.91,34.4736,232.08,11.12,23.74,44.08,110.0,20201009,20200331,0.02
3,135.541,4.21,110090,1,爱迪转债,20221028,2,91.1203,19.33,20.14,4.19,2,600933,1,爱柯迪,18.93,106.3391,27.46,48.75,13.25,24.61,110.0,20230329,20220923,0.02
3,110.18,0.4,127005,0,长证转债,20180411,2,103.0092,5.32,5.34,0.38,2,000783,0,长江证券,6.83,78.1845,40.92,6.96,-,8.88,105.0,20180917,20180312,0.02
3,133.6,0.39,128036,0,金农转债,20180402,2,104.0042,5.76,5.78,0.35,2,002548,0,金新农,6.8,85.0,57.18,28.46,4.76,8.84,106.0,20180917,20180309,0.04
3,151.28,0.34,113598,1,法兰转债,20200825,2,105.547,13.18,13.22,0.3,2,603966,1,法兰泰克,9.48,139.4515,8.48,43.33,6.64,12.32,115.0,20210208,20200731,0.04
3,117.02,1.02,123155,0,中陆转债,20220831,2,97.2278,22.44,22.66,0.98,2,301040,0,中环海陆,31.8,71.2579,64.22,20.36,22.26,41.34,115.0,20230220,20220812,0.04
3,123.771,0.6,123044,0,红相转债,20200413,2,111.4046,17.87,17.97,0.56,2,300427,0,红相股份,18.62,96.5091,28.25,11.1,13.03,24.21,118.0,20200918,20200312,0.04
3,113.91,1.01,110089,1,兴发转债,20221031,2,91.4571,29.12,29.4,0.96,2,600141,1,兴发集团,39.54,74.3551,53.2,24.55,27.68,51.4,110.0,20230328,20220922,0.05
3,131.649,1.11,123125,0,元力转债,20210930,2,91.2138,19.0,19.2,1.05,2,300174,0,元力股份,17.51,109.6516,20.06,44.33,12.26,22.76,105.0,20220310,20210906,0.06
3,130.532,1.23,128025,0,特一转债,20171228,2,104.6617,13.64,13.8,1.17,2,002728,0,特一药业,13.15,104.943,24.38,24.72,9.21,17.1,106.0,20180612,20171206,0.06
3,112.958,0.9,128066,0,亚泰转债,20190514,2,107.2576,7.3,7.36,0.82,2,002811,0,郑中设计,8.77,83.9225,34.6,5.31,6.14,11.4,112.0,20191023,20190417,0.08
3,142.129,0.57,113027,1,华钰转债,20190710,2,104.6336,12.62,12.68,0.48,2,601020,1,华钰矿业,10.17,124.6804,13.99,35.83,7.12,13.22,110.0,20191220,20190614,0.09
3,118.227,0.98,128039,0,三力转债,20180629,2,102.8094,4.57,4.61,0.88,2,002224,0,三 力 士,5.77,79.896,47.98,15.0,4.04,7.5,106.0,20181214,20180608,0.1
3,126.495,4.36,113642,1,上22转债,20220406,2,95.719,124.4,129.7,4.26,2,603185,1,上机数控,102.4,126.6602,-0.13,32.15,71.68,133.12,112.0,20220907,20220301,0.1
3,111.598,0.91,123129,0,锦鸡转债,20211124,2,97.8444,6.22,6.27,0.8,2,300798,0,锦鸡股份,7.97,78.67,41.86,14.06,4.78,9.56,112.0,20220510,20211104,0.11
3,116.04,1.15,123146,0,中环转2,20220526,2,98.0525,6.75,6.82,1.04,2,300692,0,中环环保,7.47,91.2985,27.1,18.34,5.23,9.71,115.0,20221114,20220506,0.11
3,116.13,0.76,123100,0,朗科转债,20210316,2,100.4643,9.43,9.49,0.64,2,300543,0,朗科智能,11.61,81.7399,42.07,15.59,8.13,15.09,112.0,20210823,20210209,0.12
3,124.0,0.0,123118,0,惠城转债,20210726,2,102.1175,15.08,15.06,-0.13,2,300779,0,惠城环保,17.06,88.2767,40.47,21.43,11.94,22.18,115.0,20220113,20210707,0.13
3,119.894,1.07,128087,0,孚日转债,20200116,2,101.8918,4.32,4.36,0.93,2,002083,0,孚日股份,4.16,104.8077,14.39,17.67,2.91,5.41,108.0,20200623,20191217,0.14
3,125.182,1.62,127059,0,永东转2,20220516,2,98.0165,8.19,8.31,1.47,2,002753,0,永东股份,8.65,96.0694,30.3,27.72,6.06,11.25,115.0,20221014,20220408,0.15
3,119.522,1.2,128075,0,远东转债,20191031,2,103.6637,4.78,4.83,1.05,2,002406,0,远东传动,5.21,92.7063,28.93,15.3,3.65,6.77,110.0,20200327,20190923,0.15
3,112.935,0.49,128071,0,合兴转债,20190916,2,104.0313,3.14,3.15,0.32,2,002228,0,合兴包装,4.04,77.9703,44.84,8.56,2.83,5.25,110.0,20200224,20190816,0.17
3,124.099,1.92,123063,0,大禹转债,20200820,2,110.4562,4.61,4.69,1.74,2,300021,0,大禹节水,4.72,99.3644,24.89,12.35,3.3,6.14,120.0,20210203,20200728,0.18
3,126.85,0.56,128021,0,兄弟转债,20171227,2,104.7392,5.22,5.24,0.38,2,002562,0,兄弟科技,5.19,100.9634,25.64,21.11,3.63,6.75,106.0,20180604,20171128,0.18
3,135.6,3.51,123145,0,药石转债,20220518,2,93.4503,90.17,93.17,3.33,2,300725,0,药石科技,92.88,100.3122,35.18,45.1,65.02,120.74,110.0,20221026,20220420,0.18
3,106.3,0.19,113013,1,国君转债,20170724,2,103.4261,13.44,13.44,0.0,2,601211,1,国泰君安,17.77,75.6331,40.55,2.78,-,23.1,105.0,20180108,20170707,0.19
3,119.495,1.26,123160,0,泰福转债,20221025,2,96.673,19.75,19.96,1.06,2,300992,0,泰福泵业,23.4,85.2991,40.09,23.61,16.38,30.42,115.0,20230411,20220928,0.2
3,118.274,0.67,113524,1,奇精转债,20190107,2,109.362,11.43,11.48,0.44,2,603677,1,奇精机械,13.68,83.9912,40.82,8.15,9.58,17.78,113.0,20190621,20181214,0.23
3,126.325,1.06,128134,0,鸿路转债,20201102,2,99.6133,33.58,33.86,0.83,2,002541,0,鸿路钢构,33.22,101.9266,23.94,26.82,23.25,43.19,110.0,20210415,20201009,0.23
3,124.0,0.98,113648,1,巨星转债,20220517,2,93.9617,20.27,20.42,0.74,2,603477,1,巨星农牧,25.24,80.9033,53.27,31.97,17.67,32.81,110.0,20221031,20220425,0.24
3,122.898,1.8,127027,0,靖远转债,20210122,2,99.3932,3.2,3.25,1.56,2,000552,0,靖远煤电,3.08,105.5195,16.47,23.65,2.16,4.0,110.0,20210616,20201210,0.24
3,128.868,0.17,127070,0,大中转债,20221011,2,93.5557,12.02,12.01,-0.08,2,001203,0,大中矿业,11.36,105.7218,21.89,37.74,7.95,14.77,112.0,20230223,20220817,0.25
3,124.1,0.4,123061,0,航新转债,20200818,2,108.7856,13.12,13.14,0.15,2,300424,0,航新科技,14.84,88.5445,40.16,14.08,10.39,19.29,118.0,20210128,20200722,0.25
3,115.378,0.9,128049,0,华源转债,20181220,2,106.9209,6.38,6.42,0.63,2,002787,0,华源控股,7.37,87.1099,32.45,7.91,5.16,9.58,110.0,20190603,20181127,0.27
3,105.915,0.83,127034,0,绿茵转债,20210528,2,100.7064,8.98,9.03,0.56,2,002887,0,绿茵生态,12.38,72.9402,45.21,5.17,8.67,16.09,113.0,20211111,20210430,0.27
3,119.084,1.86,118005,1,天奈转债,20220301,2,94.5231,99.15,100.73,1.59,2,688116,1,天奈科技,153.6,65.5794,81.59,25.98,107.52,199.68,110.0,20220809,20220127,0.27
3,114.189,0.79,127020,0,中金转债,20200814,2,99.517,3.94,3.96,0.51,2,000060,0,中金岭南,4.54,87.2247,30.91,14.74,3.18,5.9,110.0,20210125,20200720,0.28
3,114.145,1.58,113609,1,永安转债,20201223,2,104.1067,13.94,14.12,1.29,2,603776,1,永安行,16.38,86.2027,32.41,9.64,11.47,21.29,115.0,20210531,20201124,0.29
3,121.7,3.46,123075,0,贝斯转债,20201123,2,100.0829,19.25,19.86,3.17,2,300580,0,贝斯特,23.56,84.2954,44.37,21.6,16.49,30.63,110.0,20210506,20201102,0.29
3,114.631,0.5,127054,0,双箭转债,20220315,2,95.9648,5.97,5.98,0.17,2,002381,0,双箭股份,7.71,77.5616,47.79,19.45,5.4,10.02,112.0,20220817,20220211,0.33
3,118.428,1.02,113566,1,翔港转债,20200331,2,110.6582,7.25,7.3,0.69,2,603499,1,翔港科技,10.77,67.7809,74.72,7.02,7.54,12.92,118.0,20200907,20200228,0.33
3,134.768,1.69,128141,0,旺能转债,20210118,2,99.1995,18.57,18.82,1.35,2,002034,0,旺能环境,15.67,120.1021,12.21,35.86,10.97,20.37,110.0,20210623,20201217,0.34
3,115.758,1.18,110063,1,鹰19转债,20200103,2,104.7508,2.37,2.39,0.84,2,600567,1,山鹰国际,2.4,99.5833,16.24,10.51,1.68,3.12,111.0,20200619,20191213,0.34
3,115.56,0.45,113656,1,嘉诚转债,20221012,2,95.6509,17.8,17.82,0.11,2,603535,1,嘉诚国际,22.98,77.5457,49.02,20.81,16.09,29.87,115.0,20230307,20220901,0.34
3,106.44,0.04,110059,1,浦发转债,20191115,2,105.217,6.74,6.72,-0.3,2,600000,1,浦发银行,13.56,49.5575,114.78,1.16,-,17.63,110.0,20200504,20191028,0.34
3,116.141,1.04,127031,0,洋丰转债,20210423,2,99.5986,11.37,11.45,0.7,2,000902,0,新洋丰,17.57,65.1679,78.22,16.61,12.3,22.84,112.0,20211008,20210325,0.34
3,119.466,2.32,110057,1,现代转债,20190430,2,101.6617,9.12,9.3,1.97,2,600420,1,国药现代,9.69,95.9752,24.48,17.51,6.78,12.6,106.0,20191008,20190401,0.35
3,136.9,3.0,113567,1,君禾转债,20200403,2,105.9245,8.69,8.92,2.65,2,603617,1,君禾股份,7.45,119.7315,14.34,29.24,5.22,9.69,113.0,20200910,20200304,0.35
3,114.845,1.68,110087,1,天业转债,20220719,2,90.4725,5.26,5.33,1.33,2,600075,1,新疆天业,6.9,77.2464,48.67,26.94,4.83,8.97,108.0,20221229,20220623,0.35
3,120.502,-0.54,110086,1,精工转债,20220523,2,95.0403,4.44,4.4,-0.9,2,600496,1,精工钢构,4.96,88.7097,35.84,26.79,3.47,6.45,112.0,20221028,20220422,0.36
3,118.22,1.04,123153,0,英力转债,20220811,2,97.5075,14.92,15.02,0.67,2,300956,0,英力股份,19.24,78.0665,51.43,21.24,13.47,25.01,115.0,20230130,20220721,0.37
3,115.083,0.86,110070,1,凌钢转债,20200513,2,104.139,2.08,2.09,0.48,2,600231,1,凌钢股份,2.59,80.695,42.61,10.51,1.81,3.37,112.0,20201019,20200413,0.38
3,126.999,-0.62,123077,0,汉得转债,20201215,2,108.4389,8.99,8.9,-1.0,2,300170,0,汉得信息,9.82,90.6314,40.13,17.12,6.87,12.77,120.0,20210527,20201123,0.38
3,289.158,3.72,128095,0,恩捷转债,20200228,2,102.8899,156.85,162.07,3.33,2,002812,0,恩捷股份,64.62,250.8047,15.29,181.04,45.23,84.01,110.0,20200817,20200211,0.39
3,101.132,0.05,128129,0,青农转债,20200918,2,97.7832,2.83,2.82,-0.35,2,002958,0,青农商行,4.22,66.8246,51.34,3.42,-,5.49,108.0,20210301,20200825,0.4
3,116.89,0.51,111005,1,富春转债,20220725,2,91.2754,19.03,19.05,0.11,2,605189,1,富春染织,23.19,82.1475,42.29,28.06,16.23,30.15,108.3,20221229,20220623,0.4
3,118.496,0.04,128138,0,侨银转债,20201224,2,118.0948,10.93,10.89,-0.37,2,002973,0,侨银股份,25.23,43.1629,174.53,0.34,17.66,32.8,130.0,20210524,20201117,0.41
3,108.685,0.42,110067,1,华安转债,20200409,2,98.4171,4.52,4.52,0.0,2,600909,1,华安证券,6.12,74.0196,46.83,10.43,-,7.96,107.0,20200918,20200312,0.42
3,149.319,0.85,113646,1,永吉转债,20220517,2,92.1526,7.17,7.2,0.42,2,603058,1,永吉股份,8.51,84.6063,76.49,62.03,5.96,11.06,108.3,20221020,20220414,0.43
3,114.624,0.92,113532,1,海环转债,20190424,2,103.509,6.29,6.32,0.48,2,603817,1,海峡环保,7.32,86.3388,32.76,10.74,5.12,9.52,108.0,20191009,20190402,0.44
3,115.509,0.44,110058,1,永鼎转债,20190508,2,105.2213,3.7,3.7,0.0,2,600105,1,永鼎股份,5.04,73.4127,57.34,9.78,3.53,6.55,110.0,20191022,20190416,0.44
3,116.49,2.28,127016,0,鲁泰转债,20200513,2,102.9263,7.59,7.73,1.84,2,000726,0,鲁  泰Ａ,8.61,89.7793,29.75,13.18,6.03,11.19,111.0,20201015,20200409,0.44
3,129.727,1.16,113526,1,联泰转债,20190218,2,102.37,5.58,5.62,0.72,2,603797,1,联泰环保,5.72,98.2517,32.04,26.72,4.0,7.44,106.0,20190729,20190123,0.44
3,105.78,0.65,127024,0,盈峰转债,20201202,2,99.5791,4.79,4.8,0.21,2,000967,0,盈峰环境,8.09,59.3325,78.28,6.23,5.66,10.52,110.0,20210510,20201104,0.44
3,111.199,0.45,123010,0,博世转债,20180814,2,104.7593,5.78,5.78,0.0,2,300422,0,博世科,7.72,74.8705,48.52,6.15,5.4,10.04,108.0,20190111,20180705,0.45
3,126.08,0.21,128081,0,海亮转债,20191216,2,104.0313,11.81,11.78,-0.25,2,002203,0,海亮股份,9.62,122.4532,2.96,21.19,6.73,12.51,110.0,20200527,20191121,0.46
3,129.49,1.26,127014,0,北方转债,20191121,2,103.3507,7.87,7.93,0.76,2,000065,0,北方国际,7.8,101.6667,27.37,25.29,5.46,10.14,110.0,20200430,20191024,0.5
3,130.093,0.56,118007,1,山石转债,20220421,2,98.4084,22.4,22.41,0.04,2,688030,1,山石网科,24.52,91.3948,42.34,32.2,17.16,31.88,114.0,20220928,20220322,0.52
3,107.8,0.38,113604,1,多伦转债,20201117,2,101.2982,6.95,6.94,-0.14,2,603528,1,多伦科技,10.4,66.8269,61.31,6.42,7.28,13.52,110.0,20210419,20201013,0.52
3,110.792,0.74,113628,1,晨丰转债,20210917,2,101.5401,9.95,9.97,0.2,2,603685,1,晨丰科技,12.94,77.0479,43.8,9.11,9.06,16.82,115.0,20220228,20210823,0.54
3,128.264,2.1,128133,0,奇正转债,20201027,2,101.5749,24.1,24.47,1.54,2,002287,0,奇正藏药,23.26,105.2021,21.92,26.28,16.28,30.24,112.0,20210329,20200922,0.56
3,117.9,1.17,123116,0,万兴转债,20210701,2,102.2703,31.08,31.27,0.61,2,300624,0,万兴科技,49.79,62.8038,87.73,15.28,34.85,64.73,115.0,20211216,20210609,0.56
3,113.202,1.22,113644,1,艾迪转债,20220512,2,97.7272,15.31,15.41,0.65,2,603638,1,艾迪精密,23.84,64.6393,75.17,15.86,16.69,30.99,115.0,20221021,20220415,0.57
3,122.442,0.08,123144,0,裕兴转债,20220427,2,97.781,12.12,12.06,-0.5,2,300305,0,裕兴股份,13.97,86.3278,41.83,25.22,9.78,18.16,115.0,20221017,20220411,0.58
3,123.562,0.94,123087,0,明电转债,20210105,2,104.4647,14.43,14.48,0.35,2,300739,0,明阳电路,15.92,90.9548,35.85,18.28,9.55,20.7,115.0,20210621,20201215,0.59
3,102.886,0.33,113052,1,兴业转债,20220114,2,94.324,15.42,15.38,-0.26,2,601166,1,兴业银行,24.48,62.8268,63.76,9.08,-,31.82,109.0,20220630,20211227,0.59
3,130.136,1.51,110061,1,川投转债,20191202,2,100.5138,11.07,11.17,0.9,2,600674,1,川投能源,8.8,126.9318,2.52,29.47,6.16,11.44,106.0,20200515,20191111,0.61
3,235.204,1.57,113582,1,火炬转债,20200623,2,101.3729,45.02,45.45,0.96,2,603678,1,火炬电子,24.51,185.4345,26.84,132.02,17.16,31.86,110.0,20201202,20200527,0.61
3,114.368,1.05,110060,1,天路转债,20191128,2,103.3101,4.56,4.58,0.44,2,600326,1,西藏天路,5.42,84.5018,35.34,10.7,3.79,7.05,110.0,20200506,20191028,0.61
3,144.872,0.08,123071,0,天能转债,20201125,2,104.5272,9.38,9.33,-0.53,2,300569,0,天能重工,7.76,120.232,20.49,38.6,5.43,10.09,115.0,20210427,20201021,0.61
3,131.8,2.68,118012,1,微芯转债,20220728,2,97.7145,23.82,24.31,2.06,2,688321,1,微芯生物,25.36,95.8596,37.49,34.88,17.75,32.97,115.0,20230111,20220705,0.62
3,127.83,2.83,123120,0,隆华转债,20210823,2,101.376,7.24,7.4,2.21,2,300263,0,隆华科技,7.75,95.4839,33.88,26.09,5.43,10.08,115.0,20220207,20210730,0.62
3,118.5,1.89,127006,0,敖东转债,20180511,2,102.8004,14.19,14.37,1.27,2,000623,0,吉林敖东,14.5,99.1034,19.57,15.27,10.15,18.85,105.0,20180919,20180313,0.62
3,121.292,1.17,123131,0,奥飞转债,20211222,2,100.784,9.25,9.3,0.54,2,300738,0,奥飞数据,12.17,76.4174,58.72,20.35,8.52,15.82,115.0,20220609,20211203,0.63
3,116.542,2.12,113563,1,柳药转债,20200224,2,101.4779,18.19,18.46,1.48,2,603368,1,柳药集团,23.39,78.9226,47.67,14.84,16.37,30.41,108.0,20200722,20200116,0.64
3,120.386,0.8,113546,1,迪贝转债,20191121,2,108.2017,12.35,12.37,0.16,2,603320,1,迪贝电气,13.8,89.6377,34.3,11.26,9.66,17.94,115.0,20200429,20191023,0.64
3,130.478,0.52,113649,1,丰山转债,20220721,2,96.8532,15.38,15.36,-0.13,2,603810,1,丰山集团,13.8,111.3043,17.23,34.72,9.66,17.94,115.0,20230101,20220627,0.65
3,120.141,0.7,128119,0,龙大转债,20200807,2,105.1478,9.48,9.48,0.0,2,002726,0,龙大美食,9.3,101.9355,17.86,14.26,6.51,12.09,115.0,20210118,20200713,0.7
3,121.1,1.38,127071,0,天箭转债,20220919,2,89.4807,42.4,42.69,0.68,2,003009,0,中天火箭,53.11,80.3803,50.66,35.34,37.18,69.04,108.0,20230227,20220822,0.7
3,108.67,0.48,110045,1,海澜转债,20180731,2,104.19,4.35,4.34,-0.23,2,600398,1,海澜之家,6.53,66.4625,63.51,4.3,4.57,8.49,108.0,20190121,20180713,0.71
3,125.808,0.25,128090,0,汽模转2,20200123,2,103.5633,4.28,4.26,-0.47,2,002510,0,天汽模,4.23,100.7092,24.92,21.48,2.96,5.5,110.0,20200703,20191227,0.72
3,139.0,0.72,113051,1,节能转债,20210722,2,96.3512,4.46,4.46,0.0,2,601016,1,节能风电,4.0,111.5,24.66,44.26,2.8,5.2,110.0,20211227,20210621,0.72
3,105.257,0.59,113043,1,财通转债,20201228,2,95.0693,7.31,7.3,-0.14,2,601108,1,财通证券,11.49,63.5335,65.67,10.72,-,14.94,106.0,20210616,20201210,0.73
3,106.844,0.12,128116,0,瑞达转债,20200724,2,101.0295,14.47,14.38,-0.62,2,002961,0,瑞达期货,29.22,49.2129,117.11,5.76,20.45,37.99,110.0,20210104,20200629,0.74
3,122.652,-0.25,110053,1,苏银转债,20190403,2,108.9311,6.93,6.86,-1.01,2,600919,1,江苏银行,5.97,115.0754,6.58,12.6,-,7.76,111.0,20190920,20190314,0.76
3,103.751,0.1,123096,0,思创转债,20210301,2,106.2417,4.47,4.44,-0.67,2,300078,0,思创医惠,8.27,53.688,93.25,-2.34,5.79,10.75,118.0,20210802,20210126,0.77
3,128.023,0.21,123054,0,思特转债,20200706,2,106.73,8.91,8.86,-0.56,2,300608,0,思特奇,10.46,84.7036,51.14,19.95,7.32,13.6,115.0,20201216,20200610,0.77
3,110.338,0.1,113021,1,中信转债,20190319,2,108.7526,4.44,4.41,-0.68,2,601998,1,中信银行,6.43,68.5848,60.88,1.46,-,8.36,111.0,20190911,20190304,0.78
3,175.88,1.43,123123,0,江丰转债,20210901,2,101.5817,87.44,88.0,0.64,2,300666,0,江丰电子,53.59,164.2098,7.11,73.14,37.51,69.67,115.0,20220218,20210812,0.79
3,127.563,0.92,123147,0,中辰转债,20220621,2,96.9274,8.01,8.02,0.12,2,300933,0,中辰股份,7.78,103.0848,23.75,31.61,5.45,10.11,115.0,20221207,20220531,0.8
3,140.383,-1.73,110068,1,龙净转债,20200415,2,102.2663,14.6,14.23,-2.53,2,600388,1,ST龙净,10.3,138.1553,1.64,37.3,7.21,13.39,110.0,20200930,20200324,0.8
3,148.501,2.73,128082,0,华锋转债,20200106,2,109.6682,11.48,11.7,1.92,2,002806,0,华锋股份,9.13,128.149,15.88,35.41,6.39,11.87,115.0,20200610,20191204,0.81
3,145.173,0.4,123140,0,天地转债,20220330,2,96.7354,12.06,12.01,-0.41,2,300743,0,天地数码,12.32,97.4838,48.92,50.07,8.62,16.02,112.0,20220919,20220314,0.81
3,126.06,0.83,113658,1,密卫转债,20221025,2,96.1046,120.84,120.87,0.02,2,603713,1,密尔克卫,134.55,89.8328,40.33,31.17,94.19,174.92,112.0,20230322,20220916,0.81
3,919.361,0.9,128111,0,中矿转债,20200707,2,109.3642,94.01,94.09,0.09,2,002738,0,中矿资源,10.96,858.4854,7.09,740.64,7.67,14.25,118.0,20201217,20200611,0.81
3,122.3,-0.08,123059,0,银信转债,20200812,2,108.4005,7.8,7.73,-0.9,2,300231,0,银信科技,9.53,81.1123,50.78,12.82,6.67,12.39,118.0,20210121,20200715,0.82
3,119.989,0.84,128076,0,金轮转债,20191108,2,103.452,12.94,12.94,0.0,2,002722,0,物产金轮,14.51,89.1799,34.55,15.99,10.16,18.86,110.0,20200420,20191014,0.84
3,121.937,1.57,123050,0,聚飞转债,20200515,2,109.7309,4.29,4.32,0.7,2,300303,0,聚飞光电,4.98,86.747,40.57,11.12,3.49,6.47,118.0,20201020,20200414,0.87
3,117.869,1.4,127049,0,希望转2,20211129,2,92.2729,13.29,13.36,0.53,2,000876,0,新 希 望,14.4,92.7778,27.04,27.74,10.08,18.72,107.0,20220509,20211102,0.87
3,145.351,1.67,110052,1,贵广转债,20190329,2,108.8507,10.1,10.18,0.79,2,600996,1,贵广网络,7.94,128.0857,13.48,33.53,5.56,10.32,113.0,20190911,20190305,0.88
3,113.403,1.21,127019,0,国城转债,20200810,2,100.7271,16.04,16.09,0.31,2,000688,0,国城矿业,21.06,76.4008,48.43,12.58,14.74,27.38,110.0,20210121,20200715,0.9
3,117.5,1.02,113057,1,中银转债,20220510,2,89.5393,9.21,9.22,0.11,2,601881,1,中国银河,9.93,92.8499,26.55,31.23,-,12.91,106.0,20220930,20220324,0.91
3,110.998,2.59,113017,1,吉视转债,20180115,2,104.4537,1.79,1.82,1.68,2,601929,1,吉视传媒,2.23,81.6143,36.0,6.27,1.56,2.9,106.0,20180702,20171227,0.91
3,145.328,3.58,128101,0,联创转债,20200413,2,102.3889,13.85,14.22,2.67,2,002036,0,联创电子,13.71,103.7199,40.12,41.94,9.6,17.82,110.0,20200921,20200316,0.91
3,129.19,0.92,127028,0,英特转债,20210310,2,97.2267,12.09,12.09,0.0,2,000411,0,英特集团,10.85,111.4286,15.94,32.88,7.6,14.11,108.0,20210712,20210105,0.92
3,117.86,1.56,113602,1,景20转债,20200922,2,98.4601,20.75,20.88,0.63,2,603228,1,景旺电子,27.1,77.048,52.97,19.7,18.97,35.23,108.0,20210301,20200824,0.93
3,125.48,0.79,123158,0,宙邦转债,20221021,2,91.5117,38.57,38.51,-0.16,2,300037,0,新宙邦,42.77,90.0397,39.36,37.12,29.94,55.6,110.0,20230330,20220926,0.95
3,106.872,0.53,110062,1,烽火转债,20191225,2,100.2732,13.96,13.9,-0.43,2,600498,1,烽火通信,22.77,61.0452,75.07,6.58,15.94,29.6,106.0,20200608,20191202,0.96
3,174.932,1.25,110048,1,福能转债,20181228,2,105.6804,10.87,10.9,0.28,2,600483,1,福能股份,7.64,142.6702,22.61,65.53,5.35,9.93,109.0,20190614,20181207,0.97
3,108.84,1.21,128132,0,交建转债,20201016,2,101.6673,12.26,12.29,0.24,2,002941,0,新疆交建,18.43,66.6848,63.22,7.06,12.9,23.96,110.0,20210322,20200915,0.97
3,119.928,0.54,113597,1,佳力转债,20200821,2,108.4771,11.19,11.14,-0.45,2,603912,1,佳力图,16.36,68.0929,76.12,10.56,11.45,21.27,118.0,20210205,20200730,0.99
3,117.408,1.3,128130,0,景兴转债,20200918,2,100.1181,3.46,3.47,0.29,2,002067,0,景兴纸业,3.4,102.0588,15.04,17.27,2.72,4.42,110.0,20210304,20200831,1.01
3,172.0,1.18,128140,0,润建转债,20201229,2,99.4334,37.6,37.66,0.16,2,002929,0,润建股份,26.2,143.7405,19.66,72.98,18.34,34.06,110.0,20210615,20201207,1.02
3,113.588,1.03,110080,1,东湖转债,20210512,2,97.6746,5.48,5.48,0.0,2,600133,1,东湖高新,5.84,93.8356,21.05,16.29,4.09,7.59,110.0,20211018,20210412,1.03
3,157.802,4.5,123078,0,飞凯转债,20201216,2,99.5674,17.51,18.11,3.43,2,300398,0,飞凯材料,15.49,116.9141,34.97,58.49,10.84,18.59,110.0,20210603,20201127,1.07
3,123.45,1.35,128070,0,智能转债,20190723,2,106.5915,7.48,7.5,0.27,2,002877,0,智能自控,9.42,79.6178,55.05,15.82,-,12.25,112.0,20200108,20190702,1.08
3,124.0,2.91,127063,0,贵轮转债,20220530,2,93.4246,4.42,4.5,1.81,2,000589,0,贵州轮胎,4.6,97.8261,26.76,32.73,3.22,5.98,110.0,20221028,20220422,1.1
3,124.951,-0.83,123157,0,科蓝转债,20220920,2,95.9246,15.53,15.23,-1.93,2,300663,0,科蓝软件,16.02,95.0687,31.43,30.26,11.21,20.83,115.0,20230306,20220830,1.1
3,127.189,1.52,110077,1,洪城转债,20201217,2,98.1399,7.08,7.11,0.42,2,600461,1,洪城环境,6.21,114.4928,11.09,29.6,4.35,8.07,110.0,20210526,20201120,1.1
3,132.54,1.97,113647,1,禾丰转债,20220518,2,95.0403,11.7,11.8,0.85,2,603609,1,禾丰股份,10.26,115.1072,15.14,39.46,7.18,13.34,112.0,20221028,20220422,1.12
3,135.2,1.27,128128,0,齐翔转2,20200915,2,100.3515,6.98,6.99,0.14,2,002408,0,齐翔腾达,5.69,122.8471,10.06,34.73,3.98,7.4,110.0,20210226,20200820,1.13
3,110.905,0.61,127042,0,嘉美转债,20210908,2,97.9358,3.85,3.83,-0.52,2,002969,0,嘉美包装,4.86,78.8066,40.73,13.24,3.4,6.32,112.0,20220214,20210809,1.13
3,124.9,1.13,123141,0,宏丰转债,20220408,2,99.4064,5.38,5.38,0.0,2,300283,0,温州宏丰,6.88,78.1977,59.72,25.65,4.82,8.94,115.0,20220921,20220315,1.13
3,113.397,0.44,113505,1,杭电转债,20180327,2,105.9644,5.71,5.67,-0.7,2,603618,1,杭电股份,7.03,80.6543,40.6,7.01,4.92,9.14,108.0,20180912,20180306,1.14
3,130.0,-0.2,128083,0,新北转债,20191231,2,103.771,7.47,7.37,-1.34,2,002376,0,新北洋,6.65,110.8271,17.3,25.28,4.66,8.65,110.0,20200618,20191212,1.14
3,119.87,1.16,123048,0,应急转债,20200511,2,100.2413,6.99,6.99,0.0,2,300527,0,中船应急,8.86,78.8939,51.94,19.58,6.2,11.52,108.0,20201016,20200410,1.16
3,111.872,0.44,113625,1,江山转债,20210701,2,104.3938,41.66,41.36,-0.72,2,603208,1,江山欧派,73.53,56.2492,98.89,7.16,51.47,95.59,118.0,20211220,20210611,1.16
3,122.471,2.35,110084,1,贵燃转债,20220118,2,94.9118,7.59,7.68,1.19,2,600903,1,贵州燃气,7.18,106.9638,14.5,29.04,5.03,9.33,110.0,20220701,20211227,1.16
3,127.038,1.55,113060,1,浙22转债,20220708,2,88.2851,10.48,10.52,0.38,2,601878,1,浙商证券,10.32,101.938,24.62,43.9,-,13.42,106.0,20221220,20220614,1.17
3,144.079,-0.41,111000,1,起帆转债,20210617,2,101.6529,27.9,27.46,-1.58,2,605222,1,起帆电缆,19.86,138.2175,4.24,41.74,13.9,25.82,115.0,20211129,20210524,1.17
3,108.152,0.08,128125,0,华阳转债,20200821,2,103.3475,13.73,13.58,-1.09,2,002949,0,华阳国际,25.09,54.1251,99.82,4.65,17.56,32.62,113.0,20210205,20200730,1.17
3,116.942,0.07,128048,0,张行转债,20181129,2,105.9421,4.47,4.42,-1.12,2,002839,0,张家港行,4.53,97.5717,19.85,10.38,-,5.89,109.0,20190516,20181112,1.19
3,133.73,1.46,113039,1,嘉泽转债,20200917,2,98.4601,3.9,3.91,0.26,2,601619,1,嘉泽新能,3.36,116.369,14.92,35.82,2.35,4.37,108.0,20210301,20200824,1.2
3,127.315,2.43,110088,1,淮22转债,20221020,2,88.3786,13.22,13.38,1.21,2,600985,1,淮北矿业,15.17,88.2663,44.24,44.06,10.62,19.72,106.0,20230320,20220914,1.22
3,142.39,11.24,127007,0,湖广转债,20180801,2,104.8265,5.79,6.37,10.02,2,000665,0,湖北广电,5.58,114.1577,24.73,35.83,3.91,7.25,108.0,20190104,20180628,1.22
3,113.147,0.56,113516,1,苏农转债,20180820,2,106.3949,4.51,4.48,-0.67,2,603323,1,苏农银行,5.21,85.9885,31.58,6.35,-,6.77,110.0,20190211,20180802,1.23
3,114.236,0.47,127012,0,招路转债,20190430,2,99.8504,7.67,7.61,-0.78,2,001965,0,招商公路,8.28,91.9082,24.29,14.41,5.8,10.76,105.0,20190930,20190322,1.25
3,117.629,0.53,113549,1,白电转债,20191211,2,104.1024,8.25,8.19,-0.73,2,603861,1,白云电器,9.02,90.7982,29.55,12.99,6.31,11.73,110.0,20200521,20191115,1.26
3,129.61,0.33,128145,0,日丰转债,20210416,2,98.2166,11.33,11.22,-0.97,2,002953,0,日丰股份,10.43,107.5743,20.48,31.96,7.3,13.56,110.0,20210927,20210322,1.3
3,112.538,-0.29,113542,1,好客转债,20190823,2,104.1744,11.34,11.16,-1.59,2,603898,1,好莱客,16.08,69.403,62.15,8.03,11.26,20.9,110.0,20200207,20190801,1.3
3,187.534,6.63,127065,0,瑞鹄转债,20220727,2,97.7937,26.76,28.18,5.31,2,002997,0,瑞鹄模具,17.36,162.3272,15.53,91.76,12.15,22.57,115.0,20221228,20220622,1.32
3,119.961,0.95,113651,1,松霖转债,20220817,2,93.8991,13.27,13.22,-0.38,2,603992,1,松霖科技,16.58,79.7346,50.45,27.76,11.61,21.55,112.0,20230126,20220720,1.33
3,128.983,-0.01,128029,0,太阳转债,20180116,2,105.7071,10.37,10.23,-1.35,2,002078,0,太阳纸业,8.25,124.0,4.02,22.02,5.78,10.73,106.0,20180628,20171222,1.34
3,124.541,2.14,113637,1,华翔转债,20220120,2,99.8796,12.85,12.95,0.78,2,603112,1,华翔股份,12.75,101.5686,22.62,24.69,8.93,16.58,115.0,20220628,20211222,1.36
3,123.528,-1.3,110056,1,亨通转债,20190416,2,105.5143,18.6,18.1,-2.69,2,600487,1,亨通光电,14.88,121.6398,1.55,17.07,10.42,19.34,110.0,20190926,20190319,1.39
3,126.621,2.89,127073,0,天赐转债,20221027,2,93.3492,44.26,44.92,1.49,2,002709,0,天赐材料,48.82,92.0115,37.61,35.64,34.17,63.47,109.0,20230329,20220923,1.4
3,168.808,0.18,123114,0,三角转债,20210611,2,102.0827,46.11,45.5,-1.32,2,300775,0,三角防务,31.66,143.7145,17.46,65.36,22.16,41.16,115.0,20211130,20210525,1.5
3,113.121,0.11,113062,1,常银转债,20221017,2,87.9394,7.18,7.08,-1.39,2,601128,1,常熟银行,8.08,87.6238,29.1,28.64,-,10.5,107.0,20230321,20220915,1.5
3,142.335,1.06,110074,1,精达转债,20200921,2,102.0222,4.44,4.42,-0.45,2,600577,1,精达股份,3.7,119.4595,19.15,39.51,2.59,4.81,112.0,20210225,20200819,1.51
3,128.42,0.18,128122,0,兴森转债,20200817,2,103.4826,12.0,11.84,-1.33,2,002436,0,兴森科技,13.51,87.6388,46.53,24.1,8.11,17.56,110.0,20210129,20200723,1.51
3,109.436,0.85,127033,0,中装转2,20210524,2,99.3187,4.41,4.38,-0.68,2,002822,0,中装建设,6.29,69.6343,57.16,10.19,4.4,8.18,112.0,20211022,20210416,1.53
3,114.383,-0.45,127032,0,苏行转债,20210512,2,97.7535,6.93,6.79,-2.02,2,002966,0,苏州银行,7.11,95.4993,19.77,17.01,-,9.24,110.0,20211018,20210412,1.57
3,155.26,1.71,118019,1,金盘转债,20221013,2,91.6233,39.55,39.6,0.13,2,688676,1,金盘科技,34.76,113.9241,36.28,69.45,24.33,45.19,110.0,20230322,20220916,1.58
3,110.3,0.0,127056,0,中特转债,20220415,2,90.2594,16.35,16.09,-1.59,2,000708,0,中信特钢,24.2,66.4876,65.9,22.2,16.94,31.46,106.0,20220905,20220225,1.59
3,126.486,1.6,123149,0,通裕转债,20220715,2,94.2772,2.6,2.6,0.0,2,300185,0,通裕重工,2.77,93.8628,34.76,34.16,1.94,3.6,112.0,20221226,20220620,1.6
3,132.0,1.93,123089,0,九洲转2,20210108,2,104.1805,6.4,6.42,0.31,2,300040,0,九洲集团,5.63,114.032,15.76,26.7,3.94,7.32,115.0,20210625,20201221,1.62
3,131.892,4.19,123150,0,九强转债,20220720,2,92.9692,17.66,18.11,2.55,2,300406,0,九强生物,17.63,102.7226,28.4,41.87,12.34,22.92,110.0,20230106,20220630,1.64
3,113.857,2.17,113024,1,核建转债,20190426,2,100.6639,7.62,7.66,0.52,2,601611,1,中国核建,9.63,79.6469,42.95,13.11,6.74,12.52,105.0,20191014,20190408,1.65
3,118.204,2.07,110082,1,宏发转债,20211123,2,96.9986,36.8,36.95,0.41,2,600885,1,宏发股份,51.32,71.9992,64.17,21.86,35.92,66.72,112.0,20220505,20211028,1.66
3,134.936,3.68,111004,1,明新转债,20220425,2,98.5619,25.4,25.89,1.93,2,605068,1,明新旭腾,24.51,105.6304,27.74,36.9,17.16,31.86,115.0,20221010,20220330,1.75
3,141.68,1.67,123025,0,精测转债,20190419,2,107.458,51.22,51.16,-0.12,2,300567,0,精测电子,49.08,104.238,35.92,31.85,34.36,63.8,112.0,20191008,20190329,1.79
3,113.405,1.8,110043,1,无锡转债,20180314,2,103.9091,4.88,4.88,0.0,2,600908,1,无锡银行,5.43,89.8711,26.19,9.14,-,7.06,106.0,20180806,20180130,1.8
3,137.132,0.1,123014,0,凯发转债,20180821,2,104.2733,8.04,7.9,-1.74,2,300407,0,凯发电气,8.03,98.3811,39.39,31.51,5.62,10.44,106.0,20190211,20180727,1.84
3,125.82,0.33,128121,0,宏川转债,20200807,2,98.9443,20.36,20.05,-1.52,2,002930,0,宏川智慧,19.51,102.7678,22.43,27.16,13.66,25.36,108.0,20210125,20200717,1.85
3,211.057,1.27,123083,0,朗新转债,20210106,2,99.3068,27.5,27.33,-0.62,2,300682,0,朗新科技,15.2,179.8026,17.38,112.53,10.64,19.76,110.0,20210615,20201209,1.89
3,195.468,3.32,128017,0,金禾转债,20171127,2,103.4951,33.71,34.19,1.42,2,002597,0,金禾实业,21.33,160.2907,21.95,88.87,14.93,27.73,106.0,20180807,20171101,1.9
3,126.676,2.38,113030,1,东风转债,20200120,2,105.4134,4.3,4.32,0.47,2,601515,1,东风股份,4.96,87.0968,45.44,20.17,3.47,6.45,112.0,20200630,20191224,1.91
3,120.511,2.54,113047,1,旗滨转债,20210507,2,96.7644,8.22,8.27,0.61,2,601636,1,旗滨集团,12.01,68.8593,75.01,24.54,8.41,15.61,110.0,20211015,20210409,1.93
3,126.278,-0.57,123156,0,博汇转债,20220902,2,97.0018,15.54,15.15,-2.51,2,300839,0,博汇股份,15.05,100.6645,25.44,30.18,10.54,19.57,115.0,20230222,20220816,1.94
3,116.18,1.03,123101,0,拓斯转债,20210329,2,98.0956,15.87,15.72,-0.95,2,300607,0,拓斯达,26.2,60.0,93.63,18.44,18.34,34.06,110.0,20210916,20210310,1.98
3,158.706,4.72,127058,0,科伦转债,20220420,2,91.6829,24.35,25.01,2.71,2,002422,0,科伦药业,16.65,150.2102,5.66,73.1,11.66,21.65,108.0,20220926,20220318,2.01
3,128.61,1.43,127052,0,西子转债,20220124,2,94.9491,18.57,18.46,-0.59,2,002534,0,西子洁能,18.8,98.1915,30.98,35.45,13.16,24.44,110.0,20220630,20211224,2.02
3,209.058,-3.3,123148,0,上能转债,20220701,2,95.2067,67.66,64.05,-5.34,2,300827,0,上能电气,36.31,176.3977,18.52,119.58,25.42,47.2,112.0,20221220,20220614,2.04
3,143.661,-3.69,128069,0,华森转债,20190711,2,109.1442,27.54,25.94,-5.81,2,002907,0,华森制药,17.97,144.3517,-0.48,31.62,12.58,23.36,115.0,20191230,20190624,2.12
3,117.884,0.75,110079,1,杭银转债,20210423,2,95.5809,12.33,12.16,-1.38,2,600926,1,杭州银行,12.64,96.2816,22.44,23.33,-,16.43,108.0,20211008,20210329,2.13
3,208.197,1.07,128091,0,新天转债,20200117,2,107.4879,16.1,15.92,-1.12,2,002873,0,新天药业,8.21,193.9099,7.37,93.69,5.75,10.67,113.0,20200706,20191230,2.19
3,124.404,1.48,123091,0,长海转债,20210115,2,100.0787,14.91,14.8,-0.74,2,300196,0,长海股份,15.99,92.5578,34.41,24.31,11.19,20.79,111.0,20210629,20201223,2.22
3,126.002,0.93,111003,1,聚合转债,20220419,2,98.8716,12.97,12.8,-1.31,2,605166,1,聚合顺,14.42,88.7656,41.95,27.44,10.09,18.75,115.0,20220913,20220307,2.24
3,108.827,0.3,113608,1,威派转债,20201127,2,105.2575,8.07,7.91,-1.98,2,603956,1,威派格,17.72,44.6388,143.79,3.39,12.4,23.04,115.0,20210513,20201109,2.28
3,191.51,0.16,127038,0,国微转债,20210714,2,96.4787,161.08,157.67,-2.12,2,002049,0,紫光国微,98.18,160.5928,19.25,98.5,68.73,127.63,110.0,20211217,20210610,2.28
3,118.763,1.52,113055,1,成银转债,20220406,2,90.7968,13.54,13.43,-0.81,2,601838,1,成都银行,13.9,96.6187,22.92,30.8,-,18.07,107.0,20220909,20220303,2.33
3,120.003,2.16,113579,1,健友转债,20200522,2,100.9466,17.09,17.05,-0.23,2,603707,1,健友股份,24.65,69.1684,73.49,18.88,17.26,32.05,109.0,20201029,20200423,2.39
3,143.868,3.73,113504,1,艾华转债,20180323,2,104.0763,24.66,24.99,1.34,2,603989,1,艾华集团,20.51,121.843,18.08,38.23,14.36,26.66,106.0,20180910,20180302,2.39
3,111.58,1.67,110081,1,闻泰转债,20210820,2,93.7693,50.95,50.45,-0.98,2,600745,1,闻泰科技,96.49,52.2852,113.41,18.99,67.54,125.44,108.0,20220207,20210728,2.65
3,146.556,0.89,113621,1,彤程转债,20210222,2,98.6631,35.55,34.83,-2.03,2,603650,1,彤程新材,32.53,107.0704,36.88,48.54,22.77,42.29,110.0,20210802,20210126,2.92
3,254.138,-0.73,128041,0,盛路转债,20180814,2,106.5494,11.03,10.62,-3.72,2,002446,0,盛路通信,6.82,155.7185,63.2,138.52,4.77,8.87,110.0,20190123,20180717,2.99
3,140.855,0.91,128015,0,久其转债,20170627,2,106.5846,7.18,7.03,-2.09,2,002279,0,久其软件,5.0,140.6,0.18,32.15,3.5,6.5,108.0,20171215,20170608,3.0
3,115.9,1.21,123104,0,卫宁转债,20210331,2,106.5222,9.69,9.51,-1.86,2,300253,0,卫宁健康,17.72,53.6682,115.96,8.8,12.4,23.04,120.0,20210922,20210316,3.07
3,117.919,-0.63,113050,1,南银转债,20210701,2,93.6293,10.34,9.94,-3.87,2,601009,1,南京银行,9.64,103.112,14.36,25.94,-,12.53,107.0,20211221,20210615,3.24
3,96.467,-0.14,113596,1,城地转债,20200820,2,98.9881,7.54,7.28,-3.45,2,603887,1,城地香江,24.26,30.0082,221.47,-2.55,16.98,31.54,108.0,20210204,20200728,3.31
3,199.17,6.69,113585,1,寿仙转债,20200707,2,103.1496,35.61,36.8,3.34,2,603896,1,寿仙谷,21.64,170.0555,17.12,93.09,15.15,28.13,112.0,20201215,20200609,3.35
3,119.77,1.4,113631,1,皖天转债,20211210,2,94.938,7.98,7.81,-2.13,2,603689,1,皖天然气,7.81,100.0,19.77,26.16,5.47,10.15,110.0,20220512,20211108,3.53
3,145.316,1.26,128078,0,太极转债,20191108,2,105.2032,28.3,27.61,-2.44,2,002368,0,太极股份,22.02,125.386,15.89,38.13,15.41,28.63,112.0,20200427,20191021,3.7
3,194.468,7.0,113025,1,明泰转债,20190507,2,105.4758,13.39,13.82,3.21,2,601677,1,明泰铝业,7.66,180.4178,7.79,84.37,5.36,9.96,110.0,20191016,20190410,3.79
3,268.25,2.48,123060,0,苏试转债,20200817,2,102.5894,34.36,33.79,-1.66,2,300416,0,苏试试验,14.54,232.3934,15.43,161.48,10.18,18.9,112.0,20210127,20200721,4.14
3,179.014,8.17,127064,0,杭氧转债,20220705,2,90.9052,41.21,42.86,4.0,2,002430,0,杭氧股份,28.69,149.39,19.83,96.92,20.08,37.3,108.0,20221125,20220519,4.17
3,148.476,6.09,111007,1,永和转债,20221101,2,95.4689,41.0,41.71,1.73,2,605020,1,永和股份,33.64,123.9893,19.83,55.63,23.55,43.73,115.0,20230417,20221011,4.36
3,334.938,14.58,113016,1,小康转债,20171121,2,105.2483,47.36,52.1,10.01,2,601127,1,赛力斯,20.17,258.3044,29.67,218.24,14.12,26.22,106.0,20180511,20171106,4.57
3,125.731,25.73,118021,1,N新致转,20221102,2,94.0617,10.68,10.64,-0.37,2,688590,1,新致软件,10.7,99.4393,26.44,33.67,7.49,13.91,112.0,20230410,20220927,26.1
3,-,,123166,0,蒙泰转债,-,2,-,26.86,25.9,-3.57,2,300876,0,蒙泰高新,26.15,99.044,0.97,0.0,18.31,34.0,115.0,20230508,20221102,
3,-,,113063,1,赛轮转债,-,2,-,8.72,9.21,5.62,2,601058,1,赛轮轮胎,9.04,101.8805,-1.85,0.0,6.33,11.75,110.0,20230508,20221102,
3,-,,111008,1,沿浦转债,-,2,-,48.97,53.87,10.01,2,605128,1,上海沿浦,47.11,114.3494,-12.55,0.0,32.98,61.24,113.0,20230508,20221102,
3,-,,123165,0,回天转债,-,2,95.2931,16.15,16.5,2.17,2,300041,0,回天新材,20.21,81.6428,22.48,4.94,14.15,26.27,115.0,20230502,20221027,
3,-,,127076,0,中宠转2,-,2,92.2276,20.57,21.68,5.4,2,002891,0,中宠股份,28.35,76.4727,30.77,8.43,19.85,36.86,112.0,20230501,20221025,
3,-,,118026,1,利元转债,-,2,90.5663,187.5,193.0,2.93,2,688499,1,利元亨,218.94,88.152,13.44,10.42,153.26,284.62,110.0,20230428,20221024,
3,-,,118025,1,奕瑞转债,-,2,90.8431,505.66,502.5,-0.62,2,688301,1,奕瑞科技,499.89,100.5221,-0.52,10.08,349.92,649.86,110.0,20230428,20221024,
3,-,,118024,1,冠宇转债,-,2,92.7946,20.6,21.96,6.6,2,688772,1,珠海冠宇,23.68,92.7365,7.83,7.76,16.58,28.42,112.0,20230428,20221024,
3,-,,123164,0,法本转债,-,2,96.4075,11.74,11.75,0.09,2,300925,0,法本信息,11.12,105.6655,-5.36,3.73,7.78,14.46,115.0,20230427,20221021,
3,-,,127075,0,百川转2,-,2,96.0553,10.54,10.53,-0.09,2,002455,0,百川股份,10.36,101.6409,-1.61,4.11,7.25,13.47,115.0,20230425,20221019,
3,-,,123163,0,金沃转债,-,2,96.6689,22.97,23.41,1.92,2,300984,0,金沃股份,27.28,85.8138,16.53,3.45,19.1,35.46,115.0,20230420,20221014,
3,-,,123162,0,东杰转债,20221104,2,96.6689,8.88,9.05,1.91,2,300486,0,东杰智能,8.06,112.2829,-10.94,3.45,5.64,10.48,115.0,20230420,20221014,
3,-,,113659,1,莱克转债,-,2,91.3224,32.29,32.88,1.83,2,603355,1,莱克电气,34.17,96.2248,3.92,9.5,23.92,44.42,110.0,20230420,20221014,
3,-,,127074,0,麦米转2,-,2,95.4469,26.22,28.0,6.79,2,002851,0,麦格米特,30.99,90.3517,10.68,4.77,21.69,40.29,115.0,20230419,20221013,
3,-,,118023,1,广大转债,-,2,95.2812,32.52,32.12,-1.23,2,688186,1,广大特材,33.12,96.9807,3.11,4.95,23.18,43.06,115.0,20230419,20221013,
3,-,,118022,1,锂科转债,-,2,91.3539,15.7,15.88,1.15,2,688779,1,长远锂科,15.76,100.7614,-0.76,9.46,11.03,20.49,110.0,20230417,20221011,
3,-,,118020,1,芳源转债,-,2,102.2185,14.87,15.64,5.18,2,688148,1,芳源股份,18.62,83.9957,19.05,-2.17,13.03,24.21,120.0,20230329,20220923,
3,-,,127072,0,博实转债,20221103,2,93.1382,15.83,15.9,0.44,2,002698,0,博实股份,15.81,100.5693,-0.57,7.37,11.07,20.55,112.0,20230328,20220922,
3,-,,123029,0,英科转债,20190910,2,123.9169,21.78,24.42,12.12,2,300677,0,英科医疗,4.0,610.5,125.49,1010.91,2.8,5.2,128.0,20200224,20190816,
3,-,,128046,0,利尔转债,20181109,2,103.7611,18.77,18.89,0.64,2,002258,0,利尔化学,12.8,147.5781,-4.12,36.37,8.96,16.64,108.0,20190423,20181017,
3,-,,110808,1,动力定02,-,2,96.5125,-,-,,0,-,-1,-,-,81.9631,35.0,14.65,-,-,-,20210309,-,
3,-,,110807,1,动力定01,-,2,100.9768,-,-,,0,-,-1,-,-,81.9631,22.01,-0.97,-,-,-,20210513,-,
3,-,,110801,1,继峰定01,-,2,102.2992,-,-,,0,-,-1,-,-,184.6047,0.0,0.0,-,-,-,20210205,-,
